-7.79,10.42,0.00-7.00,9.29,0.00
-7.21,9.14,0.00
-7.12,9.31,0.00
-7.14,9.35,0.00
-7.15,9.35,0.00
-7.20,9.40,0.00
-7.21,9.39,0.00
-7.23,9.41,0.00
-7.23,9.42,0.00
-7.26,9.46,0.00
-7.24,9.46,0.00
-7.26,9.45,0.00
-7.36,9.43,0.00
-4.23,6.28,0.00
-4.50,6.55,0.00
-4.66,6.78,0.00
-4.78,6.92,0.00
-4.86,7.06,0.00
-5.00,7.18,0.00
-5.12,7.28,0.00
-5.23,7.38,0.00
-5.33,7.47,0.00
-5.39,7.57,0.00
-5.46,7.71,0.00
-5.55,7.75,0.00
-5.61,7.79,0.00
-5.66,7.83,0.00
-5.72,7.86,0.00
-5.77,7.91,0.00
-5.84,7.94,0.00
-5.87,7.96,0.00
-5.94,8.02,0.00
-5.98,8.04,0.00
-6.00,8.05,0.00
-6.02,8.03,0.00
-6.04,8.05,0.00
-7.31,10.68,0.00
-7.30,10.58,0.00
-7.28,10.51,0.00
-7.28,10.47,0.00
-7.28,10.42,0.00
-7.29,10.34,0.00
-7.29,10.29,0.00
-7.28,10.24,0.00
-7.29,10.19,0.00
-7.29,10.14,0.00
-7.29,10.09,0.00
-7.29,10.05,0.00
-7.28,10.01,0.00
-7.28,9.97,0.00
-7.29,9.94,0.00
-7.28,9.91,0.00
-7.27,9.88,0.00
-7.29,9.83,0.00
-7.25,9.82,0.00
-7.15,9.87,0.00
-7.17,9.82,0.00
-7.18,9.78,0.00
-7.19,9.74,0.00
-7.20,9.70,0.00
-7.21,9.67,0.00
-7.19,9.61,0.00
-7.16,9.61,0.00
-8.05,10.43,0.00
-8.07,10.36,0.00
-8.10,10.30,0.00
-8.14,10.27,0.00
-8.13,10.23,0.00
-8.10,10.19,0.00
-8.06,10.20,0.00
-8.07,10.15,0.00
-8.13,10.02,0.00
-8.17,9.91,0.00
-8.15,9.73,0.00
-8.16,9.65,0.00
-8.09,9.64,0.00
-8.06,9.58,0.00
-8.05,9.55,0.00
-8.01,9.47,0.00
-7.96,9.42,0.00
-7.91,9.35,0.00
-7.87,9.27,0.00
-7.83,9.21,0.00
-7.81,9.15,0.00
-7.78,9.11,0.00
-7.75,9.06,0.00
-6.78,7.09,0.00
-6.76,7.08,0.00
-6.75,7.03,0.00
-6.72,7.01,0.00
-6.65,6.92,0.00
-6.58,6.75,0.00
-6.49,6.60,0.00
-6.39,6.66,0.00
-6.22,6.67,0.00
-6.05,6.64,0.00
-5.95,6.88,0.00
-5.86,6.75,0.00
-5.79,6.82,0.00
-5.72,6.72,0.00
-5.54,6.72,0.00
-5.47,6.68,0.00
-5.33,6.63,0.00
-5.22,6.58,0.00
-5.15,6.46,0.00
-5.16,6.29,0.00
-5.02,6.23,0.00
-4.89,6.15,0.00
-4.78,6.06,0.00
-4.65,5.98,0.00
-4.53,5.90,0.00
-4.41,5.84,0.00
-4.45,5.70,0.00
-4.33,5.65,0.00
-4.19,5.57,0.00
-4.03,5.49,0.00
-3.92,5.39,0.00
-3.81,5.30,0.00
-3.73,5.22,0.00
-3.63,5.08,0.00
-3.53,4.98,0.00
-3.38,4.98,0.00
-3.22,4.95,0.00
-3.14,4.95,0.00
-3.02,4.92,0.00
-2.93,4.85,0.00
-2.83,4.79,0.00
-2.74,4.70,0.00
-2.61,4.66,0.00
-2.57,4.59,0.00
-2.49,4.56,0.00
-2.40,4.50,0.00
-2.26,4.45,0.00
-2.21,4.41,0.00
-2.18,4.33,0.00
-2.04,4.29,0.00
-1.97,4.20,0.00
-1.86,4.13,0.00
-1.72,4.10,0.00
-1.64,4.01,0.00
-1.58,4.01,0.00
-1.51,4.08,0.00
-1.44,4.15,0.00
-1.35,3.95,0.00
-1.34,3.84,0.00
-1.40,3.77,0.00
-1.31,3.45,0.00
-1.26,3.48,0.00
-1.21,3.34,0.00
-1.10,3.32,0.00
-1.00,3.27,0.00
-0.95,3.22,0.00
-0.91,3.22,0.00
-0.82,3.18,0.00
-0.80,3.18,0.00
-0.86,3.13,0.00
-0.89,3.09,0.00
-0.94,3.06,0.00
-0.98,3.05,0.00
-0.99,3.05,0.00
-0.98,3.07,0.00
-1.00,3.07,0.00
-0.88,3.08,0.00
-0.89,3.05,0.00
-0.89,3.07,0.00
-0.90,3.07,0.00
-0.86,3.04,0.00
-0.87,3.04,0.00
-0.89,3.03,0.00
-0.97,3.02,0.00
-0.95,3.03,0.00
-1.06,3.04,0.00
-1.10,3.03,0.00
-1.08,3.04,0.00
-1.05,3.02,0.00
-1.04,2.97,0.00
-1.06,2.95,0.00
-1.12,2.95,0.00
-1.17,2.92,0.00
-1.13,2.92,0.00
-1.18,2.90,0.00
-1.23,2.88,0.00
-1.28,2.87,0.00
-1.25,2.87,0.00
-1.20,2.90,0.00
-1.23,2.87,0.00
-1.25,2.88,0.00
-1.25,2.88,0.00
-1.35,2.86,0.00
-1.32,2.85,0.00
-1.34,2.81,0.00
-1.40,2.83,0.00
-1.44,2.80,0.00
-1.51,2.83,0.00
-1.60,2.79,0.00
-1.62,2.78,0.00
-1.71,2.77,0.00
-1.75,2.73,0.00
-1.75,2.72,0.00
-1.77,2.74,0.00
-1.93,2.70,0.00
-1.97,2.69,0.00
-2.06,2.61,0.00
-2.09,2.62,0.00
-2.03,2.63,0.00
-1.90,2.68,0.00
-1.90,2.72,0.00
-1.85,2.71,0.00
-1.78,2.70,0.00
-1.78,2.66,0.00
-1.69,2.64,0.00
-1.64,2.65,0.00
-1.59,2.68,0.00
-1.50,2.71,0.00
-1.46,2.69,0.00
-1.38,2.71,0.00
-1.37,2.73,0.00
-1.33,2.73,0.00
-1.32,2.78,0.00
-1.20,2.80,0.00
-1.12,2.81,0.00
-0.95,2.82,0.00
-0.85,2.82,0.00
-0.83,2.81,0.00
-0.77,2.81,0.00
-0.73,2.88,0.00
-0.66,2.90,0.00
-0.57,2.92,0.00
-0.49,2.95,0.00
-0.48,2.97,0.00
-0.41,2.99,0.00
-0.28,3.06,0.00
-0.24,3.07,0.00
-0.18,3.09,0.00
-0.04,3.10,0.00
0.02,3.11,0.00
0.10,3.11,0.00
0.13,3.11,0.00
0.20,3.12,0.00
0.21,3.12,0.00
0.29,3.14,0.00
0.42,3.16,0.00
0.49,3.18,0.00
0.52,3.20,0.00
0.65,3.25,0.00
0.71,3.26,0.00
0.81,3.27,0.00
0.91,3.33,0.00
0.95,3.35,0.00
0.94,3.33,0.00
0.93,3.33,0.00
1.05,3.37,0.00
1.14,3.40,0.00
1.18,3.41,0.00
1.19,3.42,0.00
1.21,3.42,0.00
1.32,3.41,0.00
1.39,3.44,0.00
1.44,3.46,0.00
1.67,3.51,0.00
1.64,3.51,0.00
1.67,3.50,0.00
1.73,3.49,0.00
1.74,3.50,0.00
1.77,3.51,0.00
1.78,3.51,0.00
1.83,3.52,0.00
1.86,3.54,0.00
1.96,3.51,0.00
1.96,3.51,0.00
1.98,3.51,0.00
2.01,3.53,0.00
2.01,3.54,0.00
2.06,3.57,0.00
2.06,3.58,0.00
2.03,3.55,0.00
2.06,3.55,0.00
2.11,3.56,0.00
2.10,3.56,0.00
2.16,3.57,0.00
2.20,3.56,0.00
2.19,3.53,0.00
2.22,3.53,0.00
2.23,3.53,0.00
2.17,3.54,0.00
2.14,3.54,0.00
2.14,3.55,0.00
2.16,3.57,0.00
2.21,3.57,0.00
2.27,3.59,0.00
2.27,3.59,0.00
2.25,3.59,0.00
2.25,3.60,0.00
2.29,3.60,0.00
2.26,3.59,0.00
2.31,3.60,0.00
2.31,3.60,0.00
2.31,3.58,0.00
2.33,3.55,0.00
2.37,3.57,0.00
2.47,3.57,0.00
2.45,3.56,0.00
2.43,3.57,0.00
2.43,3.57,0.00
2.43,3.57,0.00
2.43,3.57,0.00
2.44,3.57,0.00
2.44,3.57,0.00
2.44,3.58,0.00
2.32,3.57,0.00
2.32,3.56,0.00
2.33,3.57,0.00
2.33,3.56,0.00
2.33,3.55,0.00
2.33,3.55,0.00
2.32,3.56,0.00
2.32,3.56,0.00
2.32,3.56,0.00
2.32,3.56,0.00
2.32,3.56,0.00
2.31,3.56,0.00
2.31,3.57,0.00
2.31,3.56,0.00
2.31,3.56,0.00
2.32,3.57,0.00
2.31,3.58,0.00
2.31,3.58,0.00
2.31,3.57,0.00
2.31,3.57,0.00
2.32,3.57,0.00
2.32,3.58,0.00
2.31,3.57,0.00
2.31,3.57,0.00
2.31,3.57,0.00
2.31,3.57,0.00
2.30,3.58,0.00
2.31,3.58,0.00
2.31,3.58,0.00
2.32,3.58,0.00
2.32,3.58,0.00
2.32,3.58,0.00
2.33,3.58,0.00
2.32,3.58,0.00
2.32,3.58,0.00
2.31,3.59,0.00
2.31,3.59,0.00
2.29,3.60,0.00
2.29,3.59,0.00
2.28,3.60,0.00
2.29,3.59,0.00
2.28,3.60,0.00
2.28,3.61,0.00
2.29,3.60,0.00
2.29,3.61,0.00
2.29,3.61,0.00
2.29,3.60,0.00
2.28,3.60,0.00
2.28,3.61,0.00
2.28,3.60,0.00
2.28,3.60,0.00
2.28,3.60,0.00
2.27,3.61,0.00
2.28,3.61,0.00
2.29,3.60,0.00
2.29,3.60,0.00
2.28,3.60,0.00
2.28,3.60,0.00
2.28,3.59,0.00
2.28,3.59,0.00
2.29,3.60,0.00
2.29,3.59,0.00
2.30,3.59,0.00
2.30,3.60,0.00
2.31,3.59,0.00
2.30,3.60,0.00
2.30,3.60,0.00
2.30,3.60,0.00
2.30,3.60,0.00
2.31,3.59,0.00
2.31,3.58,0.00
2.32,3.59,0.00
2.33,3.59,0.00
2.33,3.59,0.00
2.33,3.58,0.00
2.34,3.57,0.00
2.35,3.57,0.00
2.35,3.56,0.00
2.34,3.56,0.00
2.34,3.56,0.00
2.33,3.56,0.00
2.34,3.56,0.00
2.35,3.56,0.00
2.35,3.56,0.00
2.35,3.55,0.00
2.35,3.55,0.00
2.34,3.54,0.00
2.35,3.53,0.00
2.35,3.53,0.00
2.36,3.53,0.00
2.36,3.52,0.00
2.37,3.52,0.00
2.36,3.51,0.00
2.36,3.52,0.00
2.36,3.51,0.00
2.36,3.51,0.00
2.37,3.51,0.00
2.37,3.51,0.00
2.37,3.51,0.00
2.37,3.52,0.00
2.38,3.53,0.00
2.38,3.53,0.00
2.38,3.52,0.00
2.38,3.51,0.00
2.36,3.52,0.00
2.36,3.52,0.00
2.37,3.52,0.00
2.37,3.52,0.00
2.37,3.52,0.00
2.37,3.53,0.00
2.36,3.53,0.00
2.36,3.54,0.00
2.36,3.53,0.00
2.35,3.54,0.00
2.35,3.54,0.00
2.34,3.53,0.00
2.34,3.54,0.00
2.34,3.54,0.00
2.33,3.53,0.00
2.32,3.54,0.00
2.31,3.55,0.00
2.31,3.55,0.00
2.31,3.55,0.00
2.30,3.54,0.00
2.30,3.55,0.00
2.30,3.55,0.00
2.31,3.56,0.00
2.30,3.56,0.00
2.30,3.57,0.00
2.30,3.57,0.00
2.31,3.57,0.00
2.31,3.56,0.00
2.29,3.57,0.00
2.30,3.57,0.00
2.30,3.58,0.00
2.30,3.58,0.00
2.31,3.59,0.00
2.31,3.60,0.00
2.32,3.60,0.00
2.31,3.60,0.00
2.39,3.40,0.00
2.38,3.62,0.00
2.24,3.62,0.00
2.36,3.56,0.00
2.13,3.25,0.00
-5.88,4.00,0.00
-15.89,-14.93,0.00
-13.54,-12.79,0.00
-11.71,-11.12,0.00
-10.24,-9.79,0.00
-9.05,-8.70,0.00
-8.05,-7.79,0.00
-7.20,-7.02,0.00
-6.48,-6.36,0.00
-5.85,-5.79,0.00
-5.30,-5.29,0.00
-4.82,-4.85,0.00
-4.39,-4.46,0.00
-4.00,-4.10,0.00
-3.66,-3.79,0.00
-3.34,-3.50,0.00
-3.06,-3.24,0.00
-2.80,-3.01,0.00
-2.56,-2.79,0.00
-2.34,-2.59,0.00
-2.14,-2.40,0.00
-1.95,-2.23,0.00
-1.78,-2.08,0.00
-1.61,-1.93,0.00
-1.46,-1.79,0.00
-1.32,-1.66,0.00
-1.19,-1.54,0.00
-1.06,-1.43,0.00
-0.94,-1.32,0.00
-0.83,-1.22,0.00
-0.73,-1.12,0.00
-0.63,-1.03,0.00
-0.54,-0.95,0.00
-0.45,-0.87,0.00
-0.44,-0.83,0.00
-0.42,-0.80,0.00
-0.41,-0.77,0.00
-0.40,-0.74,0.00
-0.39,-0.71,0.00
-0.38,-0.68,0.00
-0.37,-0.65,0.00
-0.36,-0.63,0.00
-0.35,-0.60,0.00
-0.34,-0.58,0.00
-0.34,-0.56,0.00
-0.38,-0.62,0.00
-0.43,-0.68,0.00
-0.47,-0.74,0.00
-0.52,-0.80,0.00
-0.54,-0.83,0.00
0.38,-0.98,0.00
1.90,1.61,0.00
1.84,1.57,0.00
1.78,1.54,0.00
1.72,1.50,0.00
1.67,1.47,0.00
1.61,1.44,0.00
1.55,1.40,0.00
1.50,1.37,0.00
1.44,1.34,0.00
1.38,1.30,0.00
1.32,1.27,0.00
1.27,1.24,0.00
1.21,1.20,0.00
1.15,1.17,0.00
1.09,1.12,0.00
1.03,1.08,0.00
0.97,1.04,0.00
0.92,0.99,0.00
0.86,0.95,0.00
0.80,0.90,0.00
0.74,0.86,0.00
0.68,0.81,0.00
0.62,0.77,0.00
0.56,0.73,0.00
0.51,0.68,0.00
0.45,0.64,0.00
0.39,0.59,0.00
0.33,0.55,0.00
0.27,0.51,0.00
0.21,0.46,0.00
0.15,0.42,0.00
0.10,0.37,0.00
0.04,0.33,0.00
0.04,0.32,0.00
0.03,0.31,0.00
0.03,0.30,0.00
0.03,0.29,0.00
0.03,0.28,0.00
0.03,0.26,0.00
0.03,0.25,0.00
0.03,0.24,0.00
0.03,0.23,0.00
0.03,0.22,0.00
0.02,0.21,0.00
0.02,0.20,0.00
0.02,0.19,0.00
0.02,0.18,0.00
0.02,0.17,0.00
0.02,0.16,0.00
0.02,0.15,0.00
0.02,0.14,0.00
0.01,0.13,0.00
0.01,0.12,0.00
0.01,0.11,0.00
0.01,0.10,0.00
0.01,0.08,0.00
0.01,0.07,0.00
0.01,0.06,0.00
0.01,0.05,0.00
0.00,0.04,0.00
0.00,0.03,0.00
0.00,0.02,0.00
0.00,0.01,0.00
0.00,0.00,0.00
0.00,0.00,0.00
0.00,0.00,0.00
0.00,0.00,0.00
0.00,0.00,0.00
0.00,0.00,0.00
0.00,0.00,0.00
0.00,0.00,0.00
0.00,0.00,0.00
0.00,0.00,0.00
0.00,0.00,0.00
0.00,0.00,0.00
0.00,0.00,0.00
0.00,0.00,0.00
0.00,0.00,0.00
0.00,0.00,0.00
0.00,0.00,0.00
0.07,0.06,0.00
0.14,0.12,0.00
0.21,0.18,0.00
0.28,0.23,0.00
0.34,0.30,0.00
0.41,0.36,0.00
0.48,0.42,0.00
0.55,0.48,0.00
0.62,0.53,0.00
0.69,0.60,0.00
0.76,0.67,0.00
0.83,0.73,0.00
0.90,0.79,0.00
0.96,0.85,0.00
1.03,0.91,0.00
1.10,0.97,0.00
1.16,1.03,0.00
1.22,1.10,0.00
1.29,1.16,0.00
1.86,4.45,0.00
1.92,4.50,0.00
2.06,4.52,0.00
2.12,4.59,0.00
2.19,4.63,0.00
2.81,6.78,0.00
2.87,6.87,0.00
2.94,6.92,0.00
3.02,6.99,0.00
3.10,7.04,0.00
3.15,7.09,0.00
3.21,7.12,0.00
3.28,7.20,0.00
3.35,7.26,0.00
3.43,7.33,0.00
3.52,7.35,0.00
3.61,7.38,0.00
3.67,7.47,0.00
3.74,7.55,0.00
3.82,7.62,0.00
3.88,7.75,0.00
3.98,7.84,0.00
4.05,7.90,0.00
4.98,8.14,0.00
5.08,8.18,0.00
5.18,8.25,0.00
6.48,10.22,0.00
6.56,10.31,0.00
6.65,10.40,0.00
6.76,10.48,0.00
6.86,10.56,0.00
6.88,10.58,0.00
6.90,10.60,0.00
6.92,10.62,0.00
6.95,10.64,0.00
6.98,10.66,0.00
7.00,10.68,0.00
7.04,10.69,0.00
7.07,10.67,0.00
7.10,10.68,0.00
7.17,10.68,0.00
7.20,10.70,0.00
7.24,10.72,0.00
7.27,10.75,0.00
7.29,10.78,0.00
7.33,10.82,0.00
7.36,10.88,0.00
7.41,10.91,0.00
7.45,10.93,0.00
7.48,10.96,0.00
7.02,7.76,0.00
7.06,7.80,0.00
7.03,7.86,0.00
7.07,7.87,0.00
7.11,7.93,0.00
6.60,5.86,0.00
6.65,5.85,0.00
6.69,5.91,0.00
6.74,5.91,0.00
6.77,5.92,0.00
6.82,5.96,0.00
6.88,6.01,0.00
5.06,4.06,0.00
5.17,3.81,0.00
5.19,3.86,0.00
5.20,3.86,0.00
5.21,3.83,0.00
5.23,3.85,0.00
5.27,3.85,0.00
5.24,3.88,0.00
5.25,3.84,0.00
5.23,3.88,0.00
5.23,3.86,0.00
5.22,3.86,0.00
5.18,3.85,0.00
4.41,10.41,0.00
4.37,10.04,0.00
4.38,9.67,0.00
4.45,9.33,0.00
4.49,9.03,0.00
4.51,8.72,0.00
4.52,8.52,0.00
4.53,8.29,0.00
4.55,8.03,0.00
4.58,7.83,0.00
4.61,7.64,0.00
4.70,7.40,0.00
4.83,7.25,0.00
4.82,7.09,0.00
4.82,7.02,0.00
4.81,6.91,0.00
4.81,6.83,0.00
4.79,6.73,0.00
4.78,6.64,0.00
4.77,6.56,0.00
4.74,6.48,0.00
4.72,6.37,0.00
4.72,6.30,0.00
4.68,6.23,0.00
4.65,6.22,0.00
4.69,6.16,0.00
4.67,6.12,0.00
4.65,6.15,0.00
4.57,6.07,0.00
4.54,6.01,0.00
4.44,6.07,0.00
4.39,6.05,0.00
4.36,5.99,0.00
4.35,5.99,0.00
4.31,5.97,0.00
4.27,5.95,0.00
4.24,5.93,0.00
4.18,5.94,0.00
4.70,7.67,0.00
4.66,7.70,0.00
4.63,7.72,0.00
4.59,7.70,0.00
5.95,9.34,0.00
5.88,9.35,0.00
5.81,9.27,0.00
5.73,9.28,0.00
5.69,9.28,0.00
5.62,9.27,0.00
5.56,9.26,0.00
5.51,9.27,0.00
5.68,7.41,0.00
5.66,7.39,0.00
5.61,7.40,0.00
5.54,7.40,0.00
5.49,7.40,0.00
5.46,7.39,0.00
5.40,7.38,0.00
5.37,7.35,0.00
5.34,7.37,0.00
5.29,7.37,0.00
5.25,7.36,0.00
5.14,7.37,0.00
5.03,7.34,0.00
4.99,7.35,0.00
4.92,7.31,0.00
4.88,7.28,0.00
4.84,7.25,0.00
4.81,7.24,0.00
4.76,7.22,0.00
4.72,7.21,0.00
4.69,7.19,0.00
4.67,7.21,0.00
4.64,7.15,0.00
4.65,7.17,0.00
4.66,7.08,0.00
4.58,7.04,0.00
4.56,7.01,0.00
4.51,6.91,0.00
4.54,6.89,0.00
4.54,6.84,0.00
4.59,6.70,0.00
4.60,6.63,0.00
4.59,6.60,0.00
4.57,6.52,0.00
4.57,6.45,0.00
4.57,6.38,0.00
4.57,6.32,0.00
4.58,6.26,0.00
3.99,4.50,0.00
3.98,4.43,0.00
3.95,4.38,0.00
3.92,4.36,0.00
2.55,2.64,0.00
2.54,2.59,0.00
2.56,2.62,0.00
2.58,2.58,0.00
2.58,2.52,0.00
2.60,2.48,0.00
2.61,2.44,0.00
2.62,2.37,0.00
2.62,2.34,0.00
2.61,2.28,0.00
2.63,2.22,0.00
2.64,2.18,0.00
2.64,2.12,0.00
2.63,2.11,0.00
2.64,2.04,0.00
2.63,2.02,0.00
2.61,1.98,0.00
2.61,1.93,0.00
2.59,1.91,0.00
2.62,1.89,0.00
2.62,1.87,0.00
2.63,1.82,0.00
2.65,1.79,0.00
2.65,1.76,0.00
2.66,1.74,0.00
2.66,1.70,0.00
2.67,1.67,0.00
2.67,1.62,0.00
2.67,1.58,0.00
2.67,1.55,0.00
2.66,1.55,0.00
2.64,1.48,0.00
2.60,1.49,0.00
2.61,1.47,0.00
2.62,1.43,0.00
2.64,1.42,0.00
2.62,1.41,0.00
2.62,1.42,0.00
2.61,1.41,0.00
2.62,1.39,0.00
2.61,1.38,0.00
2.61,1.37,0.00
2.61,1.37,0.00
2.61,1.36,0.00
2.61,1.35,0.00
2.61,1.33,0.00
2.63,1.32,0.00
2.63,1.31,0.00
2.63,1.30,0.00
2.64,1.28,0.00
2.59,1.31,0.00
2.60,1.29,0.00
2.61,1.28,0.00
2.60,1.28,0.00
2.60,1.28,0.00
2.60,1.28,0.00
2.59,1.28,0.00
2.59,1.28,0.00
2.58,1.28,0.00
2.58,1.28,0.00
2.58,1.28,0.00
2.58,1.27,0.00
2.57,1.27,0.00
2.56,1.26,0.00
2.56,1.26,0.00
2.57,1.27,0.00
2.57,1.28,0.00
2.56,1.27,0.00
2.55,1.16,0.00
2.54,1.14,0.00
2.53,1.18,0.00
2.51,1.19,0.00
2.50,1.19,0.00
2.49,1.19,0.00
2.49,1.18,0.00
2.50,1.18,0.00
2.49,1.18,0.00
2.49,1.18,0.00
2.49,1.18,0.00
2.49,1.16,0.00
2.49,1.15,0.00
2.48,1.16,0.00
2.47,1.14,0.00
2.47,1.13,0.00
2.48,1.14,0.00
2.49,1.13,0.00
2.50,1.13,0.00
2.50,1.13,0.00
2.51,1.13,0.00
2.50,1.14,0.00
2.50,1.15,0.00
2.50,1.15,0.00
2.51,1.15,0.00
2.51,1.14,0.00
2.50,1.14,0.00
2.50,1.14,0.00
2.50,1.14,0.00
2.50,1.11,0.00
2.51,1.10,0.00
2.51,1.10,0.00
2.51,1.10,0.00
2.51,1.17,0.00
2.52,1.16,0.00
2.53,1.15,0.00
2.54,1.14,0.00
2.54,1.16,0.00
2.54,1.15,0.00
2.55,1.17,0.00
2.55,1.17,0.00
2.57,1.17,0.00
2.57,1.18,0.00
2.57,1.18,0.00
2.58,1.18,0.00
2.58,1.19,0.00
2.60,1.20,0.00
2.59,1.18,0.00
2.59,1.17,0.00
2.61,1.17,0.00
2.63,1.23,0.00
2.66,1.25,0.00
2.68,1.16,0.00
2.81,1.34,0.00
2.84,1.46,0.00
2.73,1.35,0.00
2.99,1.60,0.00
2.95,1.53,0.00
2.99,1.62,0.00
2.97,1.59,0.00
2.96,1.59,0.00
3.00,1.59,0.00
2.93,1.58,0.00
2.91,1.62,0.00
2.95,1.59,0.00
2.96,1.67,0.00
2.99,1.70,0.00
3.02,1.70,0.00
3.14,1.66,0.00
3.15,1.67,0.00
3.16,1.76,0.00
3.19,1.78,0.00
3.21,1.79,0.00
3.22,1.82,0.00
3.26,1.86,0.00
3.28,1.90,0.00
3.29,1.93,0.00
3.31,1.96,0.00
3.32,1.99,0.00
3.34,2.03,0.00
3.39,2.08,0.00
3.42,2.12,0.00
3.45,2.17,0.00
3.48,2.21,0.00
3.50,2.23,0.00
3.53,2.29,0.00
3.57,2.33,0.00
3.60,2.37,0.00
3.64,2.42,0.00
3.69,2.46,0.00
3.72,2.49,0.00
3.75,2.53,0.00
3.78,2.56,0.00
3.81,2.60,0.00
3.84,2.63,0.00
3.86,2.67,0.00
3.89,2.70,0.00
3.92,2.73,0.00
3.95,2.76,0.00
3.96,2.79,0.00
3.99,2.81,0.00
4.01,2.83,0.00
4.04,2.84,0.00
4.08,2.89,0.00
4.12,2.95,0.00
4.14,3.00,0.00
4.15,3.05,0.00
4.17,3.11,0.00
4.18,3.14,0.00
4.18,3.19,0.00
4.19,3.24,0.00
4.19,3.28,0.00
4.21,3.33,0.00
4.21,3.37,0.00
4.21,3.42,0.00
4.21,3.44,0.00
4.21,3.48,0.00
4.21,3.52,0.00
4.17,3.57,0.00
4.17,3.61,0.00
4.17,3.63,0.00
4.16,3.66,0.00
4.16,3.70,0.00
4.15,3.73,0.00
4.14,3.76,0.00
4.12,3.78,0.00
4.11,3.81,0.00
4.10,3.84,0.00
4.10,3.85,0.00
4.09,3.86,0.00
4.07,3.87,0.00
4.05,3.88,0.00
4.03,3.89,0.00
4.02,3.90,0.00
4.00,3.91,0.00
3.98,3.91,0.00
3.95,3.92,0.00
3.93,3.92,0.00
3.89,3.91,0.00
3.85,3.90,0.00
3.81,3.91,0.00
3.79,3.90,0.00
3.75,3.90,0.00
3.72,3.89,0.00
3.69,3.89,0.00
3.65,3.89,0.00
3.62,3.88,0.00
3.58,3.87,0.00
3.54,3.86,0.00
3.50,3.86,0.00
3.47,3.86,0.00
3.43,3.86,0.00
3.39,3.86,0.00
3.35,3.86,0.00
3.32,3.85,0.00
3.31,3.84,0.00
3.29,3.83,0.00
3.27,3.83,0.00
3.26,3.84,0.00
3.26,3.84,0.00
3.26,3.83,0.00
3.27,3.83,0.00
3.27,3.84,0.00
3.28,3.83,0.00
3.27,3.83,0.00
3.27,3.83,0.00
3.28,3.83,0.00
3.28,3.83,0.00
3.28,3.83,0.00
3.28,3.83,0.00
3.27,3.83,0.00
3.27,3.83,0.00
3.27,3.81,0.00
3.27,3.82,0.00
3.27,3.81,0.00
3.27,3.81,0.00
3.27,3.81,0.00
3.28,3.81,0.00
3.26,3.81,0.00
3.26,3.82,0.00
3.26,3.83,0.00
3.26,3.83,0.00
3.25,3.83,0.00
3.25,3.82,0.00
3.25,3.83,0.00
3.24,3.83,0.00
3.24,3.82,0.00
3.25,3.83,0.00
3.24,3.83,0.00
3.24,3.84,0.00
3.24,3.84,0.00
3.25,3.83,0.00
3.24,3.84,0.00
3.24,3.85,0.00
3.24,3.85,0.00
3.24,3.84,0.00
3.24,3.85,0.00
3.25,3.86,0.00
3.25,3.86,0.00
3.25,3.86,0.00
3.25,3.86,0.00
3.25,3.86,0.00
3.26,3.87,0.00
3.26,3.86,0.00
3.26,3.87,0.00
3.26,3.87,0.00
3.26,3.88,0.00
3.26,3.87,0.00
3.26,3.87,0.00
3.26,3.86,0.00
3.26,3.86,0.00
3.26,3.87,0.00
3.25,3.86,0.00
3.26,3.86,0.00
3.26,3.86,0.00
3.27,3.86,0.00
3.26,3.87,0.00
3.26,3.87,0.00
3.26,3.86,0.00
3.25,3.86,0.00
3.25,3.86,0.00
3.25,3.87,0.00
3.26,3.87,0.00
3.26,3.87,0.00
3.26,3.88,0.00
3.27,3.87,0.00
3.27,3.87,0.00
3.27,3.87,0.00
3.28,3.88,0.00
3.27,3.88,0.00
3.26,3.87,0.00
3.26,3.87,0.00
3.26,3.87,0.00
3.27,3.87,0.00
3.26,3.87,0.00
3.27,3.87,0.00
3.26,3.87,0.00
3.26,3.86,0.00
3.26,3.86,0.00
3.26,3.87,0.00
3.26,3.86,0.00
3.26,3.87,0.00
3.25,3.86,0.00
3.25,3.86,0.00
3.25,3.85,0.00
3.25,3.86,0.00
3.25,3.87,0.00
3.24,3.86,0.00
3.24,3.86,0.00
3.23,3.85,0.00
3.23,3.85,0.00
3.24,3.85,0.00
3.24,3.84,0.00
3.24,3.84,0.00
3.24,3.83,0.00
3.24,3.83,0.00
3.25,3.82,0.00
3.25,3.82,0.00
3.25,3.82,0.00
3.26,3.83,0.00
3.26,3.84,0.00
3.26,3.83,0.00
3.26,3.83,0.00
3.24,3.83,0.00
3.24,3.83,0.00
3.23,3.83,0.00
3.23,3.81,0.00
3.21,3.81,0.00
3.20,3.80,0.00
3.18,3.80,0.00
3.18,3.80,0.00
3.17,3.80,0.00
3.15,3.79,0.00
3.15,3.77,0.00
3.13,3.76,0.00
3.11,3.75,0.00
3.10,3.74,0.00
3.09,3.73,0.00
3.07,3.71,0.00
3.06,3.70,0.00
3.05,3.69,0.00
3.02,3.67,0.00
3.00,3.65,0.00
2.97,3.62,0.00
2.95,3.61,0.00
2.91,3.59,0.00
2.89,3.57,0.00
2.87,3.56,0.00
2.85,3.53,0.00
2.82,3.51,0.00
2.79,3.50,0.00
2.76,3.48,0.00
2.73,3.46,0.00
2.71,3.44,0.00
2.69,3.42,0.00
2.66,3.40,0.00
2.63,3.36,0.00
2.61,3.34,0.00
2.58,3.31,0.00
2.56,3.29,0.00
2.54,3.24,0.00
2.51,3.22,0.00
2.47,3.20,0.00
2.44,3.18,0.00
2.41,3.15,0.00
2.37,3.12,0.00
2.34,3.10,0.00
2.30,3.07,0.00
2.25,3.04,0.00
2.22,3.00,0.00
2.16,2.95,0.00
2.13,2.93,0.00
2.10,2.89,0.00
2.07,2.86,0.00
2.04,2.82,0.00
2.01,2.80,0.00
1.98,2.77,0.00
1.97,2.74,0.00
1.94,2.71,0.00
1.91,2.68,0.00
1.87,2.65,0.00
1.85,2.62,0.00
1.80,2.59,0.00
1.77,2.56,0.00
1.74,2.53,0.00
1.72,2.51,0.00
1.68,2.49,0.00
1.65,2.46,0.00
1.61,2.43,0.00
1.58,2.39,0.00
1.54,2.36,0.00
1.54,2.35,0.00
1.51,2.32,0.00
1.49,2.30,0.00
1.47,2.28,0.00
1.44,2.22,0.00
1.41,2.20,0.00
1.39,2.17,0.00
1.38,2.14,0.00
1.35,2.11,0.00
1.33,2.07,0.00
1.31,2.05,0.00
1.29,2.04,0.00
1.26,2.03,0.00
1.23,2.00,0.00
1.21,1.98,0.00
1.19,1.95,0.00
1.16,1.93,0.00
1.15,1.90,0.00
1.13,1.88,0.00
1.09,1.86,0.00
1.07,1.83,0.00
1.04,1.80,0.00
1.02,1.78,0.00
0.99,1.76,0.00
0.98,1.75,0.00
0.95,1.73,0.00
0.95,1.70,0.00
0.93,1.67,0.00
0.93,1.66,0.00
0.92,1.65,0.00
0.89,1.62,0.00
0.87,1.61,0.00
0.87,1.59,0.00
0.86,1.57,0.00
0.82,1.55,0.00
0.81,1.54,0.00
0.78,1.53,0.00
0.76,1.50,0.00
0.76,1.48,0.00
0.75,1.47,0.00
0.72,1.46,0.00
0.71,1.43,0.00
0.71,1.40,0.00
0.69,1.38,0.00
0.68,1.35,0.00
0.67,1.32,0.00
0.66,1.29,0.00
0.66,1.28,0.00
0.64,1.26,0.00
0.64,1.24,0.00
0.64,1.23,0.00
0.63,1.22,0.00
0.64,1.20,0.00
0.63,1.18,0.00
0.63,1.20,0.00
0.62,1.18,0.00
0.61,1.17,0.00
0.58,1.16,0.00
0.59,1.16,0.00
0.56,1.15,0.00
0.55,1.12,0.00
0.55,1.09,0.00
0.55,1.07,0.00
0.54,1.05,0.00
0.53,1.03,0.00
0.52,1.01,0.00
0.52,1.01,0.00
0.51,1.00,0.00
0.51,1.00,0.00
0.49,1.00,0.00
0.48,0.98,0.00
0.48,0.97,0.00
0.47,0.96,0.00
0.47,0.94,0.00
0.46,0.92,0.00
0.46,0.90,0.00
0.45,0.89,0.00
0.44,0.88,0.00
0.42,0.86,0.00
0.41,0.83,0.00
0.41,0.82,0.00
0.40,0.80,0.00
0.39,0.79,0.00
0.38,0.78,0.00
0.40,0.77,0.00
0.38,0.74,0.00
0.38,0.73,0.00
0.38,0.71,0.00
0.37,0.69,0.00
0.36,0.67,0.00
0.36,0.65,0.00
0.35,0.65,0.00
0.35,0.64,0.00
0.36,0.63,0.00
0.34,0.62,0.00
0.34,0.61,0.00
0.33,0.61,0.00
0.33,0.60,0.00
0.32,0.58,0.00
0.33,0.57,0.00
0.31,0.55,0.00
0.30,0.54,0.00
0.26,0.52,0.00
-0.22,3.85,0.00
-0.24,3.83,0.00
-0.24,3.84,0.00
-0.25,3.82,0.00
-0.24,3.81,0.00
-0.26,3.79,0.00
-0.24,3.79,0.00
-0.24,3.79,0.00
-0.26,3.76,0.00
-0.26,3.74,0.00
-0.26,3.73,0.00
-0.26,3.72,0.00
-0.25,3.72,0.00
-0.25,3.70,0.00
-0.26,3.68,0.00
-0.26,3.66,0.00
-0.26,3.65,0.00
-0.22,7.00,0.00
0.23,7.15,0.00
0.24,7.13,0.00
0.23,7.13,0.00
0.23,7.13,0.00
0.23,7.13,0.00
0.22,7.11,0.00
0.22,7.11,0.00
0.22,7.10,0.00
0.23,7.10,0.00
0.23,7.09,0.00
0.22,7.09,0.00
0.22,7.08,0.00
0.22,7.07,0.00
0.21,7.06,0.00
0.21,7.05,0.00
0.21,7.03,0.00
0.21,7.05,0.00
0.20,7.04,0.00
0.21,7.04,0.00
0.21,7.03,0.00
0.21,7.02,0.00
0.21,7.03,0.00
0.20,7.02,0.00
0.21,7.03,0.00
0.20,7.03,0.00
0.19,7.02,0.00
0.18,7.01,0.00
0.19,7.02,0.00
0.18,7.01,0.00
0.18,7.02,0.00
0.17,7.01,0.00
0.18,7.02,0.00
0.66,3.67,0.00
0.66,3.67,0.00
0.66,3.65,0.00
0.67,3.66,0.00
0.66,3.65,0.00
0.67,3.64,0.00
0.67,3.64,0.00
0.66,3.64,0.00
0.65,3.65,0.00
0.66,3.65,0.00
0.66,3.65,0.00
0.64,3.65,0.00
0.57,3.64,0.00
0.52,3.64,0.00
0.51,3.64,0.00
0.50,3.64,0.00
0.41,3.63,0.00
0.34,0.28,0.00
-0.16,0.12,0.00
-0.20,0.13,0.00
-0.24,0.12,0.00
-0.29,0.12,0.00
-0.33,0.12,0.00
-0.36,0.12,0.00
-0.40,0.12,0.00
-0.44,0.12,0.00
-0.47,0.12,0.00
-0.51,0.13,0.00
-0.55,0.12,0.00
-0.60,0.13,0.00
-0.64,0.12,0.00
-0.68,0.12,0.00
-0.72,0.13,0.00
-0.76,0.14,0.00
-0.80,0.12,0.00
-0.84,0.12,0.00
-0.88,0.12,0.00
-0.92,0.12,0.00
-0.96,0.12,0.00
-1.00,0.10,0.00
-1.04,0.10,0.00
-1.08,0.08,0.00
-1.11,0.07,0.00
-1.15,0.07,0.00
-1.19,0.07,0.00
-1.22,0.08,0.00
-1.26,0.08,0.00
-1.29,0.08,0.00
-1.32,0.08,0.00
-1.35,0.08,0.00
-1.38,0.07,0.00
-1.40,0.07,0.00
-1.44,0.07,0.00
-1.48,0.06,0.00
-1.52,0.06,0.00
-1.55,0.06,0.00
-1.59,0.05,0.00
-1.63,0.06,0.00
-1.68,0.06,0.00
-1.71,0.07,0.00
-1.74,0.08,0.00
-1.77,0.07,0.00
-1.74,0.07,0.00
-1.74,0.08,0.00
-1.76,0.08,0.00
-1.79,0.08,0.00
-1.74,0.09,0.00
-1.74,0.10,0.00
-1.74,0.09,0.00
-1.75,0.09,0.00
-1.74,0.09,0.00
-1.74,0.09,0.00
-1.74,0.08,0.00
-1.75,0.08,0.00
-1.75,0.08,0.00
-1.75,0.07,0.00
-1.76,0.07,0.00
-1.75,0.07,0.00
-1.74,0.07,0.00
-1.74,0.07,0.00
-1.74,0.08,0.00
-1.74,0.08,0.00
-1.73,0.07,0.00
-1.74,0.06,0.00
-1.73,0.07,0.00
-1.73,0.07,0.00
-1.73,0.07,0.00
-1.74,0.06,0.00
-1.73,0.07,0.00
-1.73,0.07,0.00
-1.72,0.08,0.00
-1.72,0.10,0.00
-1.72,0.10,0.00
-1.72,0.10,0.00
-1.71,0.09,0.00
-1.72,0.08,0.00
-1.73,0.09,0.00
-1.73,0.08,0.00
-1.74,0.08,0.00
-1.75,0.08,0.00
-1.75,0.08,0.00
-1.77,0.08,0.00
-1.78,0.08,0.00
-1.78,0.08,0.00
-1.78,0.08,0.00
-1.79,0.09,0.00
-1.79,0.09,0.00
-1.79,0.08,0.00
-1.78,0.07,0.00
-1.80,0.06,0.00
-1.80,0.06,0.00
-1.80,0.05,0.00
-1.81,0.06,0.00
-1.80,0.07,0.00
-1.80,0.07,0.00
-1.82,0.07,0.00
-1.83,0.07,0.00
-1.82,0.06,0.00
-1.81,0.06,0.00
-1.80,0.07,0.00
-1.80,0.07,0.00
-1.80,0.08,0.00
-1.80,0.08,0.00
-1.80,0.08,0.00
-1.79,0.09,0.00
-1.79,0.09,0.00
-1.78,0.09,0.00
-1.79,0.08,0.00
-1.79,0.08,0.00
-1.79,0.08,0.00
-1.78,0.08,0.00
-1.78,0.08,0.00
-1.78,0.09,0.00
-1.78,0.10,0.00
-1.79,0.09,0.00
-1.78,0.10,0.00
-1.78,0.11,0.00
-1.76,0.11,0.00
-1.78,0.11,0.00
-1.79,0.11,0.00
-1.80,0.11,0.00
-1.78,0.11,0.00
-1.78,0.11,0.00
-1.78,0.11,0.00
-1.79,0.13,0.00
-1.79,0.14,0.00
-1.78,0.13,0.00
-1.79,0.13,0.00
-1.78,0.13,0.00
-1.77,0.12,0.00
-1.77,0.13,0.00
-1.77,0.13,0.00
-1.76,0.14,0.00
-1.76,0.14,0.00
-1.76,0.14,0.00
-1.76,0.14,0.00
-1.76,0.13,0.00
-1.76,0.13,0.00
-1.75,0.15,0.00
-1.73,0.16,0.00
-1.74,0.15,0.00
-1.74,0.16,0.00
-1.73,0.15,0.00
-1.74,0.14,0.00
-1.74,0.15,0.00
-1.73,0.15,0.00
-1.73,0.14,0.00
-1.73,0.15,0.00
-1.74,0.14,0.00
-1.74,0.13,0.00
-1.74,0.14,0.00
-1.75,0.13,0.00
-1.75,0.12,0.00
-1.75,0.12,0.00
-1.75,0.12,0.00
-1.75,0.12,0.00
-1.75,0.12,0.00
-1.75,0.12,0.00
-1.75,0.12,0.00
-1.75,0.11,0.00
-1.75,0.11,0.00
-1.75,0.11,0.00
-1.75,0.11,0.00
-1.74,0.11,0.00
-1.74,0.12,0.00
-1.75,0.11,0.00
-1.02,0.71,0.00
-1.02,0.71,0.00
-1.02,0.70,0.00
-1.01,0.70,0.00
-0.31,1.22,0.00
-0.32,1.22,0.00
-0.32,1.22,0.00
-0.32,1.22,0.00
-0.31,1.20,0.00
-0.31,1.20,0.00
-0.31,1.19,0.00
-0.29,1.19,0.00
-0.29,1.19,0.00
-0.65,-1.51,0.00
-0.64,-1.53,0.00
-1.42,-1.42,0.00
-1.42,-1.42,0.00
-1.41,-1.43,0.00
-1.40,-1.44,0.00
-1.54,-0.04,0.00
-1.52,-0.12,0.00
-1.37,-0.15,0.00
-1.33,-0.09,0.00
-1.33,-0.10,0.00
-1.34,-0.12,0.00
-1.32,-0.11,0.00
-1.34,-0.07,0.00
-1.30,-0.08,0.00
-1.33,-0.09,0.00
0.00,0.00,0.00
0.00,0.00,0.00
0.00,0.00,0.00
0.00,0.00,0.00
0.00,0.00,0.00
0.00,0.00,0.00
0.00,0.00,0.00
0.00,0.00,0.00
0.00,0.00,0.00
0.00,0.00,0.00
0.00,0.00,0.00
0.00,0.00,0.00
0.00,0.00,0.00
0.00,0.00,0.00
-0.08,-0.04,0.00
-0.16,-0.03,0.00
-0.22,-0.07,0.00
-0.28,-0.05,0.00
-0.32,-0.07,0.00
-0.37,-0.08,0.00
-0.39,-0.09,0.00
-0.42,-0.10,0.00
-0.46,-0.11,0.00
-1.45,-4.97,0.00
-1.43,-4.79,0.00
-3.17,-10.43,0.00
-3.08,-10.06,0.00
-3.01,-9.70,0.00
-2.90,-9.36,0.00
-2.82,-9.04,0.00
-2.76,-8.76,0.00
-2.70,-8.49,0.00
-2.61,-8.23,0.00
-2.54,-7.99,0.00
-2.46,-7.76,0.00
-2.40,-7.55,0.00
-2.33,-7.34,0.00
-2.27,-7.15,0.00
-2.21,-6.97,0.00
-2.16,-6.79,0.00
-2.10,-6.63,0.00
-2.05,-6.47,0.00
-2.01,-6.32,0.00
-1.96,-6.17,0.00
-1.92,-6.04,0.00
-1.87,-5.91,0.00
-1.84,-5.78,0.00
-1.80,-5.66,0.00
-1.76,-5.54,0.00
-1.72,-5.43,0.00
-1.72,-5.43,0.00
-1.72,-5.43,0.00
-1.72,-5.43,0.00
-1.72,-5.43,0.00
-1.72,-5.43,0.00
-1.72,-5.43,0.00
-1.72,-5.43,0.00
-1.72,-5.43,0.00
-1.72,-5.43,0.00
-1.72,-5.43,0.00
0.55,0.06,0.00
0.41,-0.17,0.00
0.43,-0.04,0.00
0.38,0.00,0.00
0.34,0.05,0.00
0.33,0.03,0.00
0.35,0.04,0.00
0.35,0.00,0.00
0.37,-0.01,0.00
0.36,-0.00,0.00
0.35,0.00,0.00
0.36,-0.00,0.00
0.34,-0.02,0.00
0.51,0.03,0.00
0.50,0.06,0.00
0.51,0.05,0.00
0.50,0.05,0.00
0.51,0.04,0.00
0.50,0.04,0.00
0.49,0.03,0.00
0.52,0.02,0.00
0.51,0.02,0.00
0.50,0.01,0.00
0.49,0.02,0.00
0.49,0.02,0.00
0.47,0.01,0.00
0.47,0.01,0.00
0.48,-0.00,0.00
0.48,-0.01,0.00
0.47,-0.02,0.00
0.47,-0.03,0.00
0.48,-0.03,0.00
0.47,-0.04,0.00
0.47,-0.04,0.00
0.48,-0.05,0.00
0.48,-0.06,0.00
0.49,-0.06,0.00
0.49,-0.06,0.00
0.48,-0.06,0.00
0.49,-0.06,0.00
0.48,-0.06,0.00
0.48,-0.06,0.00
0.47,-0.07,0.00
0.47,-0.06,0.00
0.47,-0.07,0.00
0.46,-0.07,0.00
0.46,-0.07,0.00
0.45,-0.08,0.00
0.45,-0.08,0.00
0.45,-0.08,0.00
0.45,-0.08,0.00
0.45,-0.07,0.00
0.45,-0.07,0.00
0.45,-0.07,0.00
0.45,-0.08,0.00
0.46,-0.08,0.00
0.45,-0.09,0.00
0.44,-0.08,0.00
0.44,-0.08,0.00
1.00,-1.03,0.00
1.01,-1.03,0.00
1.00,-1.03,0.00
1.01,-1.02,0.00
0.96,-1.05,0.00
0.95,-1.05,0.00
0.95,-1.05,0.00
0.94,-1.05,0.00
0.94,-1.04,0.00
0.93,-1.05,0.00
0.93,-1.05,0.00
0.91,-1.05,0.00
0.92,-1.05,0.00
0.91,-1.05,0.00
0.90,-1.05,0.00
0.90,-1.06,0.00
0.89,-1.04,0.00
0.88,-1.05,0.00
0.87,-1.04,0.00
0.86,-1.03,0.00
0.86,-1.03,0.00
0.85,-1.02,0.00
0.83,-1.02,0.00
0.82,-1.02,0.00
0.81,-1.02,0.00
0.79,-1.01,0.00
0.79,-1.00,0.00
0.77,-1.00,0.00
0.75,-0.99,0.00
0.75,-0.99,0.00
0.73,-0.99,0.00
0.73,-0.98,0.00
0.72,-0.98,0.00
0.71,-0.97,0.00
0.70,-0.97,0.00
0.69,-0.96,0.00
0.68,-0.96,0.00
0.68,-0.96,0.00
0.67,-0.95,0.00
0.66,-0.94,0.00
0.65,-0.94,0.00
0.63,-0.94,0.00
0.62,-0.94,0.00
0.62,-0.94,0.00
0.61,-0.94,0.00
0.61,-0.93,0.00
0.60,-0.94,0.00
0.59,-0.93,0.00
0.60,-0.93,0.00
0.60,-0.93,0.00
0.02,0.02,0.00
0.01,0.02,0.00
0.01,0.02,0.00
0.00,0.02,0.00
0.00,0.03,0.00
-0.00,0.03,0.00
-0.02,0.04,0.00
-0.02,0.03,0.00
-0.04,0.03,0.00
-0.03,0.05,0.00
-0.04,0.05,0.00
-0.04,0.04,0.00
-0.05,0.05,0.00
-0.05,0.05,0.00
-0.05,0.05,0.00
-0.06,0.05,0.00
-0.06,0.05,0.00
-0.05,0.05,0.00
-0.05,0.04,0.00
-0.06,0.05,0.00
-0.06,0.05,0.00
-0.06,0.05,0.00
-0.06,0.05,0.00
-0.06,0.05,0.00
-0.06,0.06,0.00
-0.07,0.07,0.00
-0.06,0.07,0.00
-0.06,0.07,0.00
-0.06,0.07,0.00
-0.06,0.06,0.00
-0.07,0.07,0.00
-0.07,0.08,0.00
-0.06,0.07,0.00
-0.07,0.07,0.00
-0.07,0.06,0.00
-0.06,0.06,0.00
-0.06,0.06,0.00
-0.06,0.06,0.00
-0.06,0.05,0.00
-0.09,0.03,0.00
-0.08,0.03,0.00
-0.08,0.03,0.00
-0.09,0.03,0.00
-0.08,0.02,0.00
-0.09,0.02,0.00
-0.09,0.04,0.00
-0.08,0.05,0.00
-0.07,0.05,0.00
-0.08,0.05,0.00
-0.08,0.05,0.00
-0.08,0.06,0.00
-0.09,0.06,0.00
-0.07,0.05,0.00
-0.08,0.05,0.00
-0.08,0.05,0.00
-0.09,0.04,0.00
-0.09,0.04,0.00
-0.09,0.03,0.00
-0.08,0.04,0.00
-0.09,0.03,0.00
-0.09,0.02,0.00
-0.09,0.04,0.00
-0.09,0.03,0.00
-0.09,0.04,0.00
-0.08,0.03,0.00
-0.08,0.03,0.00
-0.08,0.03,0.00
-0.08,0.04,0.00
-0.07,0.05,0.00
-0.07,0.03,0.00
-0.07,0.04,0.00
-0.07,0.04,0.00
-0.07,0.04,0.00
-0.05,0.03,0.00
-0.05,0.02,0.00
-0.04,0.01,0.00
-0.05,0.01,0.00
-0.05,0.02,0.00
-0.04,0.01,0.00
-0.04,0.01,0.00
-0.04,0.01,0.00
-0.04,-0.00,0.00
-0.04,0.00,0.00
-0.03,0.01,0.00
-0.03,0.02,0.00
-0.03,0.02,0.00
-0.03,0.03,0.00
-0.03,0.03,0.00
-0.02,0.04,0.00
0.01,0.06,0.00
0.02,0.06,0.00
0.02,0.06,0.00
0.03,0.07,0.00
0.03,0.06,0.00
0.03,0.05,0.00
0.02,0.04,0.00
0.02,0.04,0.00
0.00,0.05,0.00
0.01,0.05,0.00
0.01,0.05,0.00
-0.00,0.05,0.00
0.00,0.05,0.00
0.00,0.06,0.00
0.00,0.07,0.00
0.01,0.06,0.00
0.01,0.07,0.00
0.02,0.08,0.00
0.03,0.08,0.00
0.04,0.10,0.00
0.05,0.10,0.00
0.07,0.11,0.00
0.07,0.10,0.00
0.07,0.11,0.00
0.48,0.33,0.00
0.37,0.46,0.00
0.39,0.45,0.00
0.43,0.44,0.00
0.48,0.43,0.00
0.53,0.42,0.00
0.60,0.36,0.00
0.60,0.28,0.00
0.66,0.25,0.00
0.73,0.26,0.00
0.85,0.35,0.00
0.86,0.34,0.00
1.04,0.17,0.00
1.20,-0.06,0.00
1.29,-0.51,0.00
1.22,-0.64,0.00
1.22,-0.73,0.00
1.17,-0.87,0.00
0.96,-0.97,0.00
0.82,-1.06,0.00
0.69,-1.09,0.00
0.06,-1.00,0.00
-0.99,-0.93,0.00
-1.47,-0.99,0.00
-1.50,-1.13,0.00
-2.04,-1.29,0.00
-2.68,-1.47,0.00
-2.77,-1.60,0.00
-3.33,-1.76,0.00
-3.37,-1.88,0.00
-3.29,-1.87,0.00
-3.26,-1.89,0.00
-3.24,-1.90,0.00
-3.24,-1.91,0.00
-3.11,-1.83,0.00
-3.10,-1.83,0.00
-3.09,-1.84,0.00
-3.08,-1.85,0.00
-3.07,-1.85,0.00
-3.08,-1.85,0.00
-3.07,-1.85,0.00
-3.08,-1.86,0.00
-3.07,-1.87,0.00
-3.06,-1.90,0.00
-3.06,-1.90,0.00
-3.07,-1.92,0.00
-3.08,-1.93,0.00
-3.09,-1.93,0.00
-3.09,-1.92,0.00
-3.09,-1.93,0.00
-3.48,-2.17,0.00
-3.39,-2.30,0.00
-3.41,-2.30,0.00
-3.45,-2.29,0.00
-3.50,-2.28,0.00
-3.56,-2.27,0.00
-3.63,-2.21,0.00
-3.63,-2.14,0.00
-3.69,-2.12,0.00
-3.77,-2.13,0.00
-3.90,-2.21,0.00
-3.92,-2.21,0.00
-4.09,-2.04,0.00
-4.25,-1.82,0.00
-4.33,-1.38,0.00
-4.27,-1.24,0.00
-4.26,-1.15,0.00
-4.22,-1.02,0.00
-4.00,-0.91,0.00
0.28,-0.28,0.00
0.09,-0.21,0.00
0.03,-0.19,0.00
0.09,-0.04,0.00
0.09,-0.05,0.00
0.06,-0.07,0.00
0.05,-0.06,0.00
0.06,-0.06,0.00
0.04,-0.06,0.00
0.05,-0.11,0.00
0.04,-0.11,0.00
0.01,-0.12,0.00
-0.02,-0.10,0.00
-0.02,-0.11,0.00
-0.04,-0.13,0.00
-0.06,-0.15,0.00
-0.06,-0.17,0.00
-0.03,-0.19,0.00
-0.02,-0.21,0.00
-0.02,-0.23,0.00
-0.02,-0.24,0.00
-0.00,-0.30,0.00
-0.01,-0.46,0.00
-0.04,-0.57,0.00
-0.05,-0.67,0.00
-0.06,-0.78,0.00
-0.06,-0.86,0.00
-0.07,-0.96,0.00
-0.08,-1.04,0.00
-0.04,-3.46,0.00
-0.32,-3.30,0.00
-0.43,-3.46,0.00
-0.41,-3.51,0.00
-0.64,-3.63,0.00
-1.22,-4.10,0.00
-1.66,-4.56,0.00
-1.99,-4.83,0.00
-2.30,-5.02,0.00
-2.46,-5.15,0.00
-2.61,-5.10,0.00
-2.69,-4.96,0.00
-2.69,-4.75,0.00
-2.62,-4.46,0.00
-2.53,-4.23,0.00
-2.41,-4.00,0.00
-2.29,-3.77,0.00
-2.23,-3.56,0.00
-2.16,-3.37,0.00
-2.08,-3.20,0.00
-1.99,-3.07,0.00
-1.95,-2.92,0.00
-1.88,-2.79,0.00
-1.80,-2.67,0.00
-1.74,-2.55,0.00
-1.69,-2.45,0.00
-1.65,-2.35,0.00
-1.57,-2.26,0.00
-1.50,-2.19,0.00
-1.43,-2.12,0.00
-1.38,-2.05,0.00
-1.35,-1.99,0.00
-1.31,-1.93,0.00
-1.27,-1.88,0.00
-1.25,-1.82,0.00
-1.23,-1.77,0.00
-1.19,-1.73,0.00
-1.16,-1.69,0.00
-1.13,-1.64,0.00
-1.09,-1.60,0.00
-1.08,-1.55,0.00
-1.08,-1.51,0.00
-1.05,-1.48,0.00
-1.02,-1.46,0.00
-0.99,-1.43,0.00
-0.95,-1.41,0.00
-0.91,-1.38,0.00
-0.90,-1.35,0.00
-0.87,-1.32,0.00
-0.86,-1.28,0.00
-0.84,-1.21,0.00
-0.83,-1.16,0.00
0.44,-4.56,0.00
0.46,-4.48,0.00
0.50,-4.39,0.00
0.58,-4.26,0.00
0.66,-4.12,0.00
0.75,-3.98,0.00
0.84,-3.85,0.00
0.93,-3.73,0.00
1.01,-3.63,0.00
1.08,-3.56,0.00
1.16,-3.51,0.00
1.20,-3.49,0.00
1.25,-3.47,0.00
1.27,-3.45,0.00
1.28,-3.45,0.00
1.30,-3.45,0.00
1.31,-3.45,0.00
1.32,-3.44,0.00
1.32,-3.43,0.00
1.34,-3.42,0.00
1.35,-3.41,0.00
1.34,-3.41,0.00
1.35,-3.41,0.00
1.36,-3.42,0.00
1.37,-3.42,0.00
1.36,-3.42,0.00
1.35,-3.42,0.00
1.34,-3.41,0.00
1.33,-3.41,0.00
1.33,-3.41,0.00
1.34,-3.40,0.00
1.33,-3.40,0.00
1.38,-3.42,0.00
1.37,-3.42,0.00
1.36,-3.41,0.00
1.37,-3.40,0.00
1.37,-3.41,0.00
1.35,-3.41,0.00
1.37,-3.41,0.00
1.39,-3.41,0.00
1.39,-3.42,0.00
1.37,-3.40,0.00
1.37,-3.39,0.00
1.35,-3.37,0.00
1.33,-3.36,0.00
1.34,-3.37,0.00
1.33,-3.37,0.00
1.34,-3.38,0.00
1.32,-3.38,0.00
1.33,-3.37,0.00
0.07,0.12,0.00
0.06,0.13,0.00
0.05,0.12,0.00
0.05,0.09,0.00
0.05,0.11,0.00
0.05,0.11,0.00
0.05,0.12,0.00
0.04,0.13,0.00
0.04,0.13,0.00
0.04,0.12,0.00
0.02,0.12,0.00
0.00,0.12,0.00
-0.01,0.12,0.00
-0.03,0.11,0.00
-0.04,0.11,0.00
-0.03,0.12,0.00
-0.02,0.12,0.00
-0.01,0.11,0.00
-0.02,0.11,0.00
-0.02,0.10,0.00
-0.02,0.09,0.00
-0.01,0.08,0.00
-0.01,0.08,0.00
-0.02,0.09,0.00
-0.02,0.09,0.00
-0.02,0.08,0.00
-0.03,0.08,0.00
-0.03,0.09,0.00
-0.02,0.08,0.00
-0.01,0.09,0.00
-0.02,0.09,0.00
-0.01,0.09,0.00
-0.06,0.11,0.00
-0.05,0.11,0.00
-0.04,0.10,0.00
-0.04,0.10,0.00
-0.04,0.10,0.00
-0.04,0.10,0.00
-0.06,0.11,0.00
-0.07,0.10,0.00
-0.07,0.11,0.00
-0.05,0.10,0.00
-0.05,0.08,0.00
-0.05,0.08,0.00
-0.05,0.09,0.00
-0.06,0.09,0.00
-0.06,0.10,0.00
-0.07,0.10,0.00
-0.07,0.09,0.00
-0.08,0.09,0.00
-0.08,0.08,0.00
-0.08,0.08,0.00
-0.08,0.08,0.00
-0.09,0.12,0.00
-0.08,0.11,0.00
-0.09,0.11,0.00
-0.09,0.11,0.00
-0.08,0.10,0.00
-0.07,0.10,0.00
-0.07,0.10,0.00
-0.07,0.09,0.00
-0.07,0.09,0.00
-0.07,0.10,0.00
-0.06,0.09,0.00
-0.06,0.09,0.00
-0.06,0.08,0.00
-0.07,0.08,0.00
-0.08,0.09,0.00
-0.07,0.09,0.00
-0.07,0.10,0.00
-0.07,0.11,0.00
-0.07,0.11,0.00
-0.08,0.11,0.00
-0.08,0.12,0.00
-0.08,0.12,0.00
-0.08,0.13,0.00
-0.07,0.13,0.00
-0.08,0.13,0.00
-0.08,0.14,0.00
-0.09,0.13,0.00
-0.08,0.13,0.00
-0.08,0.12,0.00
-0.08,0.12,0.00
-0.08,0.12,0.00
-0.08,0.12,0.00
-0.08,0.13,0.00
-0.08,0.14,0.00
-0.07,0.15,0.00
-0.06,0.13,0.00
-0.05,0.14,0.00
-0.05,0.14,0.00
-0.05,0.16,0.00
-0.05,0.17,0.00
-0.05,0.16,0.00
-0.04,0.15,0.00
-0.05,0.15,0.00
-0.05,0.16,0.00
-0.05,0.15,0.00
-0.05,0.16,0.00
-0.05,0.16,0.00
-0.04,0.15,0.00
-0.04,0.15,0.00
-0.04,0.15,0.00
-0.04,0.13,0.00
-0.04,0.13,0.00
-0.05,0.13,0.00
-0.04,0.14,0.00
-0.04,0.14,0.00
-0.04,0.14,0.00
-0.05,0.15,0.00
-0.05,0.16,0.00
-0.06,0.16,0.00
-0.05,0.16,0.00
-0.06,0.17,0.00
-0.06,0.18,0.00
-0.06,0.19,0.00
-0.05,0.19,0.00
-0.05,0.19,0.00
-0.05,0.19,0.00
-0.05,0.19,0.00
-0.04,0.19,0.00
-0.05,0.19,0.00
-0.04,0.18,0.00
-0.04,0.18,0.00
-0.03,0.17,0.00
-0.04,0.17,0.00
-0.04,0.17,0.00
-0.04,0.17,0.00
-0.04,0.16,0.00
-0.04,0.17,0.00
-0.04,0.17,0.00
-0.04,0.17,0.00
-0.04,0.17,0.00
-0.03,0.18,0.00
-0.03,0.18,0.00
-0.03,0.17,0.00
-0.03,0.16,0.00
-0.03,0.15,0.00
-0.03,0.15,0.00
-0.04,0.14,0.00
-0.03,0.14,0.00
-0.04,0.14,0.00
-0.04,0.14,0.00
-0.04,0.14,0.00
-0.04,0.13,0.00
-0.04,0.13,0.00
-0.04,0.13,0.00
-0.03,0.13,0.00
-0.03,0.14,0.00
-0.03,0.14,0.00
-0.03,0.15,0.00
-0.03,0.14,0.00
-0.03,0.14,0.00
-0.03,0.14,0.00
-0.02,0.15,0.00
-0.02,0.15,0.00
-0.03,0.15,0.00
-0.04,0.16,0.00
-0.04,0.14,0.00
-0.03,0.14,0.00
-0.03,0.14,0.00
-0.03,0.14,0.00
-0.04,0.14,0.00
-0.04,0.14,0.00
-0.03,0.14,0.00
-0.04,0.13,0.00
-0.04,0.13,0.00
-0.04,0.13,0.00
-0.03,0.12,0.00
-0.03,0.12,0.00
-0.04,0.12,0.00
-0.04,0.12,0.00
-0.04,0.13,0.00
-0.03,0.13,0.00
-0.04,0.12,0.00
-0.03,0.12,0.00
-0.03,0.13,0.00
-0.02,0.13,0.00
-0.03,0.14,0.00
-0.04,0.13,0.00
-0.09,0.07,0.00
-0.09,0.07,0.00
-0.10,0.06,0.00
-0.10,0.06,0.00
-0.11,0.06,0.00
-0.10,0.05,0.00
-0.10,0.06,0.00
-0.11,0.06,0.00
-0.11,0.07,0.00
-0.11,0.07,0.00
-0.11,0.08,0.00
-0.11,0.08,0.00
-0.11,0.09,0.00
-0.11,0.09,0.00
-0.11,0.09,0.00
-0.11,0.09,0.00
-0.11,0.08,0.00
-0.11,0.08,0.00
-0.12,0.08,0.00
-0.12,0.07,0.00
-0.13,0.07,0.00
-0.14,0.07,0.00
-0.14,0.07,0.00
-0.14,0.08,0.00
-0.13,0.07,0.00
-0.13,0.07,0.00
-0.12,0.07,0.00
-0.11,0.06,0.00
-0.12,0.07,0.00
-0.11,0.07,0.00
-0.11,0.07,0.00
-0.11,0.06,0.00
-0.11,0.06,0.00
-0.11,0.07,0.00
-0.11,0.06,0.00
-0.11,0.07,0.00
-0.12,0.07,0.00
-0.11,0.07,0.00
-0.13,0.08,0.00
-0.13,0.08,0.00
-0.14,0.07,0.00
-0.13,0.07,0.00
-0.14,0.08,0.00
-0.14,0.08,0.00
-0.13,0.08,0.00
-0.13,0.07,0.00
-0.13,0.07,0.00
-0.14,0.07,0.00
-0.13,0.06,0.00
-0.11,0.09,0.00
-0.06,0.14,0.00
-0.06,0.14,0.00
-0.05,0.15,0.00
-0.06,0.15,0.00
-0.05,0.15,0.00
-0.05,0.16,0.00
-0.05,0.15,0.00
-0.06,0.16,0.00
-0.06,0.16,0.00
-0.05,0.16,0.00
-0.05,0.16,0.00
-0.06,0.16,0.00
-0.06,0.16,0.00
-0.06,0.15,0.00
-0.07,0.15,0.00
-0.07,0.16,0.00
-0.08,0.17,0.00
-0.07,0.17,0.00
-0.07,0.17,0.00
-0.07,0.17,0.00
-0.06,0.17,0.00
-0.05,0.17,0.00
-0.06,0.17,0.00
-0.05,0.17,0.00
-0.06,0.17,0.00
-0.07,0.16,0.00
-0.08,0.16,0.00
-0.08,0.16,0.00
-0.08,0.16,0.00
-0.08,0.16,0.00
-0.08,0.15,0.00
-0.09,0.15,0.00
-0.09,0.14,0.00
-0.09,0.14,0.00
-0.09,0.14,0.00
-0.09,0.15,0.00
-0.09,0.15,0.00
-0.08,0.15,0.00
-0.07,0.15,0.00
-0.06,0.15,0.00
-0.06,0.15,0.00
-0.06,0.15,0.00
-0.06,0.14,0.00
-0.06,0.15,0.00
-0.06,0.15,0.00
-0.07,0.16,0.00
-0.07,0.16,0.00
-0.07,0.16,0.00
-0.07,0.16,0.00
-0.07,0.15,0.00
-0.08,0.15,0.00
-0.08,0.15,0.00
-0.09,0.15,0.00
-0.08,0.15,0.00
-0.08,0.16,0.00
-0.08,0.16,0.00
-0.09,0.16,0.00
-0.09,0.16,0.00
-0.08,0.16,0.00
-0.09,0.15,0.00
-0.09,0.15,0.00
-0.09,0.15,0.00
-0.08,0.15,0.00
-0.08,0.16,0.00
-0.08,0.16,0.00
-0.07,0.16,0.00
-0.07,0.15,0.00
-0.07,0.15,0.00
-0.06,0.15,0.00
-0.07,0.16,0.00
-0.07,0.15,0.00
-0.07,0.14,0.00
-0.07,0.14,0.00
-0.06,0.15,0.00
-0.06,0.14,0.00
-0.06,0.15,0.00
-0.06,0.15,0.00
-0.06,0.15,0.00
-0.05,0.15,0.00
-0.06,0.15,0.00
-0.05,0.16,0.00
-0.05,0.17,0.00
-0.05,0.16,0.00
-0.05,0.17,0.00
-0.04,0.16,0.00
-0.04,0.16,0.00
-0.03,0.15,0.00
-0.04,0.15,0.00
-0.04,0.14,0.00
-0.04,0.14,0.00
-0.04,0.15,0.00
-0.04,0.15,0.00
-0.05,0.16,0.00
-0.05,0.16,0.00
-0.05,0.15,0.00
-0.05,0.15,0.00
-0.05,0.15,0.00
-0.05,0.15,0.00
-0.04,0.15,0.00
-0.05,0.15,0.00
-0.05,0.16,0.00
-0.04,0.16,0.00
-0.04,0.15,0.00
-0.04,0.15,0.00
-0.04,0.14,0.00
-0.03,0.14,0.00
-0.03,0.14,0.00
-0.02,0.14,0.00
-0.03,0.13,0.00
-0.02,0.14,0.00
-0.02,0.14,0.00
-0.02,0.13,0.00
-0.02,0.12,0.00
-0.03,0.13,0.00
-0.03,0.13,0.00
-0.03,0.13,0.00
-0.03,0.13,0.00
-0.03,0.13,0.00
-0.05,0.13,0.00
-0.04,0.13,0.00
-0.04,0.12,0.00
-0.04,0.14,0.00
-0.05,0.14,0.00
-0.06,0.14,0.00
-0.06,0.15,0.00
-0.06,0.14,0.00
-0.06,0.15,0.00
-0.07,0.15,0.00
-0.07,0.14,0.00
-0.07,0.14,0.00
-0.07,0.14,0.00
-0.08,0.14,0.00
-0.08,0.14,0.00
-0.08,0.14,0.00
-0.08,0.14,0.00
-0.08,0.14,0.00
-0.09,0.15,0.00
-0.09,0.15,0.00
-0.09,0.15,0.00
-0.09,0.16,0.00
-0.09,0.16,0.00
-0.08,0.15,0.00
-0.08,0.14,0.00
-0.07,0.14,0.00
-0.07,0.14,0.00
-0.07,0.14,0.00
-0.07,0.13,0.00
-0.07,0.12,0.00
-0.08,0.12,0.00
-0.08,0.11,0.00
-0.08,0.11,0.00
-0.08,0.11,0.00
-0.08,0.11,0.00
-0.09,0.13,0.00
-0.09,0.14,0.00
-0.09,0.14,0.00
-0.08,0.13,0.00
-0.08,0.14,0.00
-0.08,0.14,0.00
-0.08,0.14,0.00
-0.08,0.14,0.00
-0.08,0.15,0.00
-0.08,0.15,0.00
-0.08,0.15,0.00
-0.07,0.14,0.00
-0.07,0.14,0.00
-0.06,0.14,0.00
-0.07,0.14,0.00
-0.06,0.14,0.00
-0.07,0.13,0.00
-0.06,0.14,0.00
-0.06,0.14,0.00
-0.06,0.14,0.00
-0.07,0.15,0.00
-0.06,0.15,0.00
-0.06,0.16,0.00
-0.06,0.15,0.00
-0.05,0.15,0.00
-0.05,0.16,0.00
-0.06,0.16,0.00
-0.05,0.16,0.00
-0.05,0.15,0.00
-0.05,0.16,0.00
-0.05,0.16,0.00
-0.06,0.16,0.00
-0.06,0.16,0.00
-0.06,0.16,0.00
-0.06,0.16,0.00
-0.06,0.16,0.00
-0.06,0.15,0.00
-0.06,0.15,0.00
-0.06,0.15,0.00
-0.07,0.16,0.00
-0.07,0.15,0.00
-0.07,0.16,0.00
-0.07,0.15,0.00
-0.07,0.16,0.00
-0.07,0.15,0.00
-0.07,0.16,0.00
-0.07,0.17,0.00
-0.07,0.17,0.00
-0.07,0.17,0.00
-0.07,0.16,0.00
-0.06,0.15,0.00
-0.06,0.14,0.00
-0.06,0.15,0.00
-0.07,0.14,0.00
-0.07,0.14,0.00
-0.07,0.14,0.00
-0.08,0.14,0.00
-0.07,0.13,0.00
-0.07,0.13,0.00
-0.07,0.14,0.00
-0.07,0.13,0.00
-0.07,0.13,0.00
-0.08,0.13,0.00
-0.08,0.13,0.00
-0.06,0.14,0.00
-0.06,0.14,0.00
-0.06,0.14,0.00
-0.07,0.14,0.00
-0.06,0.14,0.00
-0.06,0.13,0.00
-0.05,0.13,0.00
-0.05,0.13,0.00
-0.06,0.13,0.00
-0.05,0.13,0.00
-0.06,0.14,0.00
-0.06,0.13,0.00
-0.06,0.13,0.00
-0.07,0.13,0.00
-0.06,0.13,0.00
-0.06,0.14,0.00
-0.05,0.14,0.00
-0.05,0.14,0.00
-0.04,0.14,0.00
-0.04,0.14,0.00
-0.05,0.13,0.00
-0.06,0.13,0.00
-0.06,0.13,0.00
-0.06,0.13,0.00
-0.06,0.13,0.00
-0.06,0.13,0.00
-0.06,0.13,0.00
-0.06,0.12,0.00
-0.05,0.12,0.00
-0.06,0.13,0.00
-0.05,0.15,0.00
-0.05,0.15,0.00
-0.06,0.15,0.00
-0.06,0.14,0.00
-0.06,0.14,0.00
-0.05,0.15,0.00
-0.06,0.16,0.00
-0.07,0.16,0.00
-0.06,0.16,0.00
-0.06,0.16,0.00
-0.07,0.16,0.00
-0.07,0.16,0.00
-0.06,0.17,0.00
-0.07,0.16,0.00
-0.08,0.16,0.00
-0.07,0.16,0.00
-0.07,0.17,0.00
-0.06,0.17,0.00
-0.06,0.17,0.00
-0.06,0.17,0.00
-0.07,0.17,0.00
-0.07,0.16,0.00
-0.07,0.17,0.00
-0.07,0.16,0.00
-0.07,0.17,0.00
-0.07,0.17,0.00
-0.07,0.16,0.00
-0.07,0.17,0.00
-0.07,0.16,0.00
-0.06,0.16,0.00
-0.06,0.17,0.00
-0.06,0.17,0.00
-0.06,0.18,0.00
-0.06,0.18,0.00
-0.06,0.18,0.00
-0.06,0.18,0.00
-0.07,0.18,0.00
-0.06,0.18,0.00
-0.06,0.18,0.00
-0.06,0.18,0.00
-0.05,0.19,0.00
-0.05,0.20,0.00
-0.04,0.19,0.00
-0.04,0.18,0.00
-0.05,0.18,0.00
-0.05,0.18,0.00
-0.06,0.19,0.00
-0.06,0.19,0.00
-0.06,0.19,0.00
-0.06,0.19,0.00
-0.06,0.18,0.00
-0.06,0.18,0.00
-0.06,0.19,0.00
-0.06,0.19,0.00
-0.06,0.19,0.00
-0.06,0.19,0.00
-0.05,0.18,0.00
-0.05,0.17,0.00
-0.06,0.17,0.00
-0.06,0.16,0.00
-0.06,0.17,0.00
-0.06,0.17,0.00
-0.06,0.17,0.00
-0.06,0.17,0.00
-0.06,0.17,0.00
-0.07,0.17,0.00
-0.07,0.18,0.00
-0.07,0.18,0.00
-0.07,0.18,0.00
-0.08,0.17,0.00
-0.08,0.17,0.00
-0.08,0.17,0.00
-0.08,0.17,0.00
-0.08,0.16,0.00
-0.08,0.17,0.00
-0.08,0.17,0.00
-0.07,0.16,0.00
-0.08,0.16,0.00
-0.07,0.16,0.00
-0.08,0.15,0.00
-0.09,0.15,0.00
-0.09,0.14,0.00
-0.09,0.14,0.00
-0.09,0.14,0.00
-0.10,0.14,0.00
-0.09,0.14,0.00
-0.09,0.14,0.00
-0.10,0.14,0.00
-0.11,0.14,0.00
-0.10,0.13,0.00
-0.10,0.14,0.00
-0.10,0.15,0.00
-0.11,0.15,0.00
-0.10,0.16,0.00
-0.09,0.16,0.00
-0.09,0.16,0.00
-0.09,0.16,0.00
-0.10,0.17,0.00
-0.09,0.17,0.00
-0.09,0.16,0.00
-0.09,0.17,0.00
-0.09,0.18,0.00
-0.09,0.17,0.00
-0.08,0.16,0.00
-0.08,0.17,0.00
-0.07,0.17,0.00
-0.08,0.17,0.00
-0.09,0.17,0.00
-0.08,0.18,0.00
-0.07,0.17,0.00
-0.08,0.17,0.00
-0.07,0.16,0.00
-0.08,0.17,0.00
-0.08,0.17,0.00
-0.08,0.17,0.00
-0.08,0.17,0.00
-0.09,0.18,0.00
-0.08,0.18,0.00
-0.08,0.18,0.00
-0.07,0.18,0.00
-0.07,0.18,0.00
-0.06,0.18,0.00
-0.06,0.18,0.00
-0.06,0.17,0.00
-0.06,0.16,0.00
-0.07,0.16,0.00
-0.07,0.17,0.00
-0.07,0.17,0.00
-0.07,0.17,0.00
-0.06,0.17,0.00
-0.06,0.17,0.00
-0.05,0.17,0.00
-0.04,0.16,0.00
-0.04,0.16,0.00
-0.04,0.16,0.00
-0.03,0.17,0.00
-0.03,0.16,0.00
-0.03,0.16,0.00
-0.03,0.16,0.00
-0.04,0.17,0.00
-0.04,0.16,0.00
-0.03,0.16,0.00
-0.03,0.15,0.00
-0.03,0.14,0.00
-0.04,0.14,0.00
-0.04,0.14,0.00
-0.04,0.15,0.00
-0.03,0.14,0.00
-0.04,0.14,0.00
-0.04,0.14,0.00
-0.05,0.14,0.00
-0.04,0.13,0.00
-0.05,0.13,0.00
-0.05,0.14,0.00
-0.05,0.14,0.00
-0.05,0.15,0.00
-0.06,0.14,0.00
-0.05,0.14,0.00
-0.05,0.14,0.00
-0.06,0.14,0.00
-0.05,0.15,0.00
-0.06,0.16,0.00
-0.05,0.15,0.00
-0.05,0.14,0.00
-0.05,0.15,0.00
-0.04,0.14,0.00
-0.03,0.12,0.00
-0.04,0.12,0.00
-0.05,0.11,0.00
-0.05,0.11,0.00
-0.05,0.11,0.00
-0.05,0.12,0.00
-0.06,0.13,0.00
-0.05,0.13,0.00
-0.05,0.13,0.00
-0.06,0.13,0.00
-0.05,0.13,0.00
-0.05,0.14,0.00
-0.05,0.13,0.00
-0.05,0.14,0.00
-0.06,0.14,0.00
-0.06,0.14,0.00
-0.06,0.14,0.00
-0.06,0.14,0.00
-0.07,0.14,0.00
-0.07,0.13,0.00
-0.07,0.13,0.00
-0.08,0.13,0.00
-0.07,0.13,0.00
-0.07,0.13,0.00
-0.06,0.13,0.00
-0.06,0.13,0.00
-0.06,0.13,0.00
-0.06,0.14,0.00
-0.06,0.15,0.00
-0.05,0.14,0.00
-0.05,0.14,0.00
-0.06,0.13,0.00
-0.05,0.13,0.00
-0.05,0.13,0.00
-0.05,0.13,0.00
-0.05,0.15,0.00
-0.05,0.16,0.00
-0.06,0.14,0.00
-0.06,0.15,0.00
-0.06,0.15,0.00
-0.05,0.16,0.00
-0.05,0.16,0.00
-0.05,0.16,0.00
-0.05,0.16,0.00
-0.05,0.16,0.00
-0.04,0.15,0.00
-0.04,0.15,0.00
-0.04,0.15,0.00
-0.04,0.15,0.00
-0.05,0.15,0.00
-0.06,0.17,0.00
-0.06,0.18,0.00
-0.05,0.17,0.00
-0.05,0.18,0.00
-0.04,0.18,0.00
-0.04,0.18,0.00
-0.04,0.17,0.00
-0.03,0.18,0.00
-0.04,0.18,0.00
-0.02,0.18,0.00
-0.03,0.17,0.00
-0.03,0.16,0.00
-0.04,0.17,0.00
-0.05,0.19,0.00
-0.05,0.17,0.00
-0.06,0.18,0.00
-0.05,0.18,0.00
-0.06,0.18,0.00
-0.06,0.17,0.00
-0.06,0.17,0.00
-0.06,0.17,0.00
-0.05,0.18,0.00
-0.06,0.18,0.00
-0.06,0.17,0.00
-0.08,0.17,0.00
-0.08,0.17,0.00
-0.07,0.17,0.00
-0.08,0.17,0.00
-0.08,0.17,0.00
-0.08,0.17,0.00
-0.08,0.18,0.00
-0.08,0.18,0.00
-0.08,0.17,0.00
-0.08,0.17,0.00
-0.07,0.17,0.00
-0.08,0.16,0.00
-0.07,0.16,0.00
-0.07,0.16,0.00
-0.07,0.16,0.00
-0.07,0.16,0.00
-0.07,0.16,0.00
-0.08,0.16,0.00
-0.08,0.16,0.00
-0.08,0.16,0.00
-0.07,0.16,0.00
-0.08,0.17,0.00
-0.08,0.16,0.00
-0.08,0.17,0.00
-0.07,0.17,0.00
-0.07,0.17,0.00
-0.06,0.16,0.00
-0.06,0.16,0.00
-0.06,0.17,0.00
-0.07,0.15,0.00
-0.08,0.16,0.00
-0.08,0.16,0.00
-0.09,0.16,0.00
-0.09,0.16,0.00
-0.09,0.16,0.00
-0.09,0.17,0.00
-0.09,0.17,0.00
-0.09,0.17,0.00
-0.09,0.17,0.00
-0.07,0.14,0.00
-0.07,0.15,0.00
-0.06,0.16,0.00
-0.06,0.16,0.00
-0.05,0.17,0.00
-0.05,0.17,0.00
-0.05,0.17,0.00
-0.05,0.18,0.00
-0.06,0.17,0.00
-0.05,0.18,0.00
-0.06,0.18,0.00
-0.06,0.18,0.00
-0.06,0.18,0.00
-0.06,0.19,0.00
-0.06,0.19,0.00
-0.06,0.19,0.00
-0.05,0.18,0.00
-0.06,0.18,0.00
-0.05,0.19,0.00
-0.05,0.19,0.00
-0.05,0.20,0.00
-0.05,0.20,0.00
-0.05,0.19,0.00
-0.05,0.18,0.00
-0.05,0.19,0.00
-0.05,0.19,0.00
-0.05,0.19,0.00
-0.05,0.19,0.00
-0.05,0.18,0.00
-0.04,0.18,0.00
-0.05,0.18,0.00
-0.05,0.18,0.00
-0.05,0.18,0.00
-0.05,0.18,0.00
-0.05,0.17,0.00
-0.06,0.18,0.00
-0.05,0.18,0.00
-0.06,0.18,0.00
-0.06,0.19,0.00
-0.05,0.19,0.00
-0.05,0.20,0.00
-0.04,0.19,0.00
-0.05,0.20,0.00
-0.04,0.20,0.00
-0.04,0.19,0.00
-0.04,0.20,0.00
-0.05,0.19,0.00
-0.04,0.18,0.00
-0.04,0.19,0.00
-0.05,0.19,0.00
-0.05,0.19,0.00
-0.05,0.18,0.00
-0.07,0.18,0.00
-0.06,0.17,0.00
-0.07,0.17,0.00
-0.07,0.17,0.00
-0.08,0.17,0.00
-0.08,0.17,0.00
-0.07,0.17,0.00
-0.07,0.16,0.00
-0.06,0.16,0.00
-0.06,0.16,0.00
-0.05,0.17,0.00
-0.05,0.15,0.00
-0.07,0.15,0.00
-0.07,0.16,0.00
-0.07,0.16,0.00
-0.07,0.16,0.00
-0.08,0.15,0.00
-0.08,0.15,0.00
-0.08,0.15,0.00
-0.09,0.15,0.00
-0.09,0.16,0.00
-0.09,0.15,0.00
-0.09,0.15,0.00
-0.10,0.15,0.00
-0.10,0.15,0.00
-0.10,0.14,0.00
-0.10,0.15,0.00
-0.10,0.14,0.00
-0.10,0.14,0.00
-0.11,0.15,0.00
-0.10,0.16,0.00
-0.10,0.16,0.00
-0.10,0.17,0.00
-0.10,0.17,0.00
-0.11,0.17,0.00
-0.10,0.17,0.00
-0.10,0.16,0.00
-0.10,0.16,0.00
-0.10,0.16,0.00
-0.11,0.16,0.00
-0.10,0.16,0.00
-0.10,0.16,0.00
-0.11,0.16,0.00
-0.10,0.15,0.00
-0.13,0.12,0.00
-0.13,0.11,0.00
-0.13,0.10,0.00
-0.12,0.11,0.00
-0.12,0.11,0.00
-0.12,0.11,0.00
-0.12,0.11,0.00
-0.12,0.12,0.00
-0.12,0.12,0.00
-0.12,0.12,0.00
-0.12,0.12,0.00
-0.11,0.11,0.00
-0.11,0.11,0.00
-0.11,0.10,0.00
-0.12,0.10,0.00
-0.13,0.10,0.00
-0.13,0.10,0.00
-0.13,0.10,0.00
-0.12,0.10,0.00
-0.12,0.10,0.00
-0.12,0.09,0.00
-0.12,0.09,0.00
-0.13,0.09,0.00
-0.13,0.09,0.00
-0.14,0.08,0.00
-0.13,0.09,0.00
-0.13,0.09,0.00
-0.13,0.09,0.00
-0.14,0.10,0.00
-0.14,0.10,0.00
-0.13,0.10,0.00
-0.13,0.11,0.00
-0.13,0.10,0.00
-0.12,0.10,0.00
-0.13,0.10,0.00
-0.12,0.10,0.00
-0.11,0.10,0.00
-0.11,0.11,0.00
-0.11,0.10,0.00
-0.11,0.09,0.00
-0.11,0.09,0.00
-0.12,0.08,0.00
-0.12,0.09,0.00
-0.12,0.08,0.00
-0.12,0.07,0.00
-0.12,0.07,0.00
-0.11,0.07,0.00
-0.11,0.07,0.00
-0.11,0.06,0.00
-0.12,0.07,0.00
-0.08,0.10,0.00
-0.09,0.12,0.00
-0.09,0.12,0.00
-0.09,0.12,0.00
-0.10,0.13,0.00
-0.09,0.13,0.00
-0.09,0.13,0.00
-0.09,0.12,0.00
-0.09,0.12,0.00
-0.09,0.11,0.00
-0.09,0.12,0.00
-0.08,0.12,0.00
-0.08,0.11,0.00
-0.08,0.12,0.00
-0.08,0.12,0.00
-0.08,0.12,0.00
-0.09,0.12,0.00
-0.08,0.12,0.00
-0.08,0.13,0.00
-0.08,0.13,0.00
-0.09,0.14,0.00
-0.09,0.15,0.00
-0.09,0.14,0.00
-0.09,0.14,0.00
-0.08,0.14,0.00
-0.09,0.14,0.00
-0.08,0.13,0.00
-0.07,0.13,0.00
-0.06,0.12,0.00
-0.06,0.12,0.00
-0.07,0.12,0.00
-0.08,0.12,0.00
-0.08,0.12,0.00
-0.08,0.12,0.00
-0.08,0.12,0.00
-0.09,0.12,0.00
-0.10,0.12,0.00
-0.09,0.12,0.00
-0.10,0.12,0.00
-0.10,0.12,0.00
-0.09,0.12,0.00
-0.10,0.12,0.00
-0.10,0.13,0.00
-0.10,0.13,0.00
-0.10,0.14,0.00
-0.11,0.13,0.00
-0.11,0.14,0.00
-0.11,0.14,0.00
-0.10,0.14,0.00
-0.10,0.14,0.00
-0.10,0.15,0.00
-0.10,0.15,0.00
-0.10,0.15,0.00
-0.10,0.15,0.00
-0.10,0.15,0.00
-0.11,0.16,0.00
-0.11,0.16,0.00
-0.12,0.17,0.00
-0.12,0.16,0.00
-0.12,0.17,0.00
-0.11,0.16,0.00
-0.11,0.17,0.00
-0.11,0.18,0.00
-0.11,0.19,0.00
-0.11,0.19,0.00
-0.11,0.19,0.00
-0.11,0.18,0.00
-0.12,0.18,0.00
-0.12,0.18,0.00
-0.12,0.17,0.00
-0.12,0.16,0.00
-0.11,0.16,0.00
-0.10,0.16,0.00
-0.09,0.16,0.00
-0.09,0.16,0.00
-0.09,0.15,0.00
-0.09,0.15,0.00
-0.09,0.15,0.00
-0.10,0.15,0.00
-0.10,0.16,0.00
-0.10,0.15,0.00
-0.09,0.15,0.00
-0.09,0.15,0.00
-0.10,0.15,0.00
-0.09,0.14,0.00
-0.09,0.14,0.00
-0.09,0.14,0.00
-0.09,0.13,0.00
-0.09,0.14,0.00
-0.09,0.14,0.00
-0.09,0.15,0.00
-0.08,0.15,0.00
-0.07,0.14,0.00
-0.07,0.13,0.00
-0.07,0.14,0.00
-0.06,0.14,0.00
-0.07,0.13,0.00
-0.06,0.14,0.00
-0.07,0.13,0.00
-0.08,0.13,0.00
-0.08,0.13,0.00
-0.08,0.14,0.00
-0.07,0.13,0.00
-0.07,0.13,0.00
-0.07,0.12,0.00
-0.06,0.12,0.00
-0.06,0.13,0.00
-0.05,0.13,0.00
-0.04,0.14,0.00
-0.05,0.13,0.00
-0.05,0.13,0.00
-0.05,0.13,0.00
-0.04,0.13,0.00
-0.04,0.12,0.00
-0.04,0.11,0.00
-0.04,0.11,0.00
-0.04,0.10,0.00
-0.03,0.10,0.00
-0.02,0.10,0.00
-0.02,0.11,0.00
-0.03,0.11,0.00
-0.03,0.12,0.00
-0.03,0.13,0.00
-0.04,0.13,0.00
-0.03,0.14,0.00
-0.03,0.14,0.00
-0.03,0.15,0.00
-0.02,0.15,0.00
-0.02,0.15,0.00
-0.01,0.14,0.00
-0.01,0.15,0.00
-0.01,0.15,0.00
-0.02,0.16,0.00
-0.01,0.16,0.00
-0.01,0.17,0.00
-0.01,0.17,0.00
-0.01,0.16,0.00
-0.00,0.16,0.00
-0.01,0.15,0.00
-0.01,0.15,0.00
-0.00,0.15,0.00
-0.01,0.15,0.00
-0.02,0.15,0.00
-0.02,0.16,0.00
-0.02,0.16,0.00
-0.02,0.16,0.00
-0.02,0.17,0.00
-0.01,0.17,0.00
-0.01,0.16,0.00
-0.01,0.17,0.00
-0.01,0.16,0.00
-0.02,0.16,0.00
-0.02,0.16,0.00
-0.02,0.17,0.00
-0.02,0.18,0.00
-0.02,0.17,0.00
-0.03,0.16,0.00
-0.03,0.15,0.00
-0.04,0.15,0.00
-0.03,0.15,0.00
-0.03,0.15,0.00
-0.04,0.15,0.00
-0.04,0.15,0.00
-0.04,0.15,0.00
-0.05,0.16,0.00
-0.05,0.15,0.00
-0.06,0.16,0.00
-0.06,0.16,0.00
-0.05,0.17,0.00
-0.05,0.17,0.00
-0.05,0.16,0.00
-0.05,0.16,0.00
-0.06,0.16,0.00
-0.07,0.15,0.00
-0.07,0.16,0.00
-0.07,0.16,0.00
-0.07,0.15,0.00
-0.08,0.15,0.00
-0.08,0.15,0.00
-0.10,0.16,0.00
-0.09,0.15,0.00
-0.08,0.14,0.00
-0.07,0.14,0.00
-0.08,0.14,0.00
-0.08,0.14,0.00
-0.09,0.14,0.00
-0.09,0.15,0.00
-0.10,0.15,0.00
-0.09,0.15,0.00
-0.09,0.15,0.00
-0.09,0.15,0.00
-0.08,0.14,0.00
-0.07,0.14,0.00
-0.08,0.14,0.00
-0.08,0.13,0.00
-0.08,0.13,0.00
-0.10,0.13,0.00
-0.10,0.13,0.00
-0.10,0.14,0.00
-0.10,0.15,0.00
-0.10,0.15,0.00
-0.09,0.15,0.00
-0.09,0.15,0.00
-0.09,0.15,0.00
-0.09,0.15,0.00
-0.10,0.16,0.00
-0.10,0.16,0.00
-0.10,0.17,0.00
-0.09,0.17,0.00
-0.09,0.17,0.00
-0.08,0.17,0.00
-0.08,0.18,0.00
-0.07,0.18,0.00
-0.07,0.19,0.00
-0.06,0.18,0.00
-0.06,0.19,0.00
-0.07,0.17,0.00
-0.07,0.17,0.00
-0.07,0.18,0.00
-0.06,0.17,0.00
-0.06,0.17,0.00
-0.05,0.17,0.00
-0.06,0.17,0.00
-0.05,0.17,0.00
-0.04,0.17,0.00
-0.05,0.16,0.00
-0.05,0.17,0.00
-0.05,0.17,0.00
-0.04,0.16,0.00
-0.04,0.15,0.00
-0.05,0.16,0.00
-0.05,0.17,0.00
-0.05,0.17,0.00
-0.05,0.16,0.00
-0.06,0.17,0.00
-0.05,0.17,0.00
-0.04,0.16,0.00
-0.03,0.18,0.00
-0.03,0.18,0.00
-0.04,0.19,0.00
-0.05,0.19,0.00
-0.05,0.19,0.00
-0.06,0.18,0.00
-0.06,0.19,0.00
-0.06,0.19,0.00
-0.06,0.19,0.00
-0.05,0.19,0.00
-0.05,0.19,0.00
-0.05,0.18,0.00
-0.05,0.17,0.00
-0.05,0.16,0.00
-0.06,0.17,0.00
-0.07,0.17,0.00
-0.06,0.17,0.00
-0.06,0.17,0.00
-0.05,0.16,0.00
-0.05,0.17,0.00
-0.05,0.17,0.00
-0.05,0.17,0.00
-0.05,0.17,0.00
-0.06,0.17,0.00
-0.06,0.16,0.00
-0.06,0.16,0.00
-0.06,0.15,0.00
-0.06,0.16,0.00
-0.06,0.16,0.00
-0.06,0.16,0.00
-0.05,0.16,0.00
-0.06,0.15,0.00
-0.06,0.15,0.00
-0.07,0.15,0.00
-0.08,0.16,0.00
-0.07,0.16,0.00
-0.07,0.15,0.00
-0.07,0.15,0.00
-0.07,0.16,0.00
-0.06,0.15,0.00
-0.06,0.16,0.00
-0.06,0.16,0.00
-0.06,0.17,0.00
-0.06,0.16,0.00
-0.06,0.16,0.00
-0.05,0.15,0.00
-0.06,0.16,0.00
-0.05,0.16,0.00
-0.05,0.16,0.00
-0.06,0.16,0.00
-0.06,0.17,0.00
-0.05,0.15,0.00
-0.05,0.15,0.00
-0.05,0.15,0.00
-0.05,0.16,0.00
-0.05,0.16,0.00
-0.05,0.15,0.00
-0.04,0.15,0.00
-0.05,0.16,0.00
-0.04,0.16,0.00
-0.04,0.15,0.00
-0.04,0.16,0.00
-0.04,0.16,0.00
-0.05,0.17,0.00
-0.05,0.17,0.00
-0.04,0.16,0.00
-0.04,0.16,0.00
-0.05,0.15,0.00
-0.05,0.15,0.00
-0.05,0.14,0.00
-0.05,0.15,0.00
-0.05,0.15,0.00
-0.06,0.14,0.00
-0.07,0.14,0.00
-0.08,0.14,0.00
-0.08,0.14,0.00
-0.07,0.16,0.00
-0.07,0.16,0.00
-0.07,0.16,0.00
-0.08,0.16,0.00
-0.09,0.16,0.00
-0.09,0.16,0.00
-0.09,0.16,0.00
-0.09,0.15,0.00
-0.10,0.15,0.00
-0.10,0.15,0.00
-0.10,0.15,0.00
-0.09,0.15,0.00
-0.10,0.16,0.00
-0.11,0.16,0.00
-0.11,0.16,0.00
-0.11,0.16,0.00
-0.11,0.16,0.00
-0.10,0.16,0.00
-0.11,0.16,0.00
-0.11,0.16,0.00
-0.11,0.15,0.00
-0.12,0.14,0.00
-0.12,0.14,0.00
-0.12,0.15,0.00
-0.12,0.14,0.00
-0.13,0.16,0.00
-0.13,0.16,0.00
-0.13,0.15,0.00
-0.14,0.15,0.00
-0.13,0.14,0.00
-0.13,0.15,0.00
-0.13,0.15,0.00
-0.13,0.14,0.00
-0.13,0.14,0.00
-0.13,0.14,0.00
-0.13,0.15,0.00
-0.13,0.15,0.00
-0.13,0.14,0.00
-0.12,0.15,0.00
-0.12,0.16,0.00
-0.11,0.16,0.00
-0.11,0.16,0.00
-0.12,0.16,0.00
-0.12,0.17,0.00
-0.13,0.17,0.00
-0.13,0.17,0.00
-0.13,0.18,0.00
-0.13,0.18,0.00
-0.14,0.18,0.00
-0.12,0.18,0.00
-0.12,0.17,0.00
-0.12,0.17,0.00
-0.12,0.17,0.00
-0.12,0.18,0.00
-0.11,0.17,0.00
-0.11,0.18,0.00
-0.10,0.18,0.00
-0.10,0.18,0.00
-0.09,0.19,0.00
-0.09,0.18,0.00
-0.09,0.19,0.00
-0.10,0.19,0.00
-0.09,0.18,0.00
-0.10,0.19,0.00
-0.10,0.18,0.00
-0.10,0.18,0.00
-0.10,0.19,0.00
-0.10,0.18,0.00
-0.10,0.17,0.00
-0.10,0.17,0.00
-0.10,0.17,0.00
-0.10,0.18,0.00
-0.09,0.17,0.00
-0.09,0.17,0.00
-0.08,0.16,0.00
-0.09,0.17,0.00
-0.08,0.16,0.00
-0.08,0.16,0.00
-0.08,0.15,0.00
-0.08,0.15,0.00
-0.08,0.15,0.00
-0.08,0.16,0.00
-0.08,0.15,0.00
-0.08,0.15,0.00
-0.08,0.16,0.00
-0.07,0.15,0.00
-0.07,0.16,0.00
-0.07,0.16,0.00
-0.07,0.15,0.00
-0.07,0.14,0.00
-0.08,0.14,0.00
-0.08,0.13,0.00
-0.07,0.13,0.00
-0.07,0.13,0.00
-0.06,0.12,0.00
-0.06,0.12,0.00
-0.06,0.12,0.00
-0.06,0.11,0.00
-0.04,0.12,0.00
-0.05,0.12,0.00
-0.06,0.12,0.00
-0.07,0.12,0.00
-0.07,0.12,0.00
-0.06,0.11,0.00
-0.06,0.12,0.00
-0.06,0.11,0.00
-0.07,0.11,0.00
-0.06,0.11,0.00
-0.07,0.10,0.00
-0.08,0.11,0.00
-0.08,0.10,0.00
-0.07,0.10,0.00
-0.06,0.10,0.00
-0.05,0.11,0.00
-0.06,0.11,0.00
-0.06,0.11,0.00
-0.07,0.11,0.00
-0.07,0.11,0.00
-0.07,0.12,0.00
-0.07,0.12,0.00
-0.08,0.12,0.00
-0.08,0.12,0.00
-0.08,0.13,0.00
-0.08,0.13,0.00
-0.08,0.12,0.00
-0.07,0.10,0.00
-0.07,0.11,0.00
-0.07,0.11,0.00
-0.07,0.11,0.00
-0.07,0.12,0.00
-0.08,0.12,0.00
-0.07,0.12,0.00
-0.08,0.13,0.00
-0.08,0.13,0.00
-0.08,0.13,0.00
-0.09,0.13,0.00
-0.09,0.13,0.00
-0.09,0.13,0.00
-0.09,0.13,0.00
-0.10,0.13,0.00
-0.10,0.14,0.00
-0.10,0.14,0.00
-0.10,0.14,0.00
-0.10,0.14,0.00
-0.11,0.14,0.00
-0.11,0.14,0.00
-0.11,0.14,0.00
-0.10,0.14,0.00
-0.11,0.13,0.00
-0.12,0.13,0.00
-0.11,0.13,0.00
-0.11,0.13,0.00
-0.11,0.13,0.00
-0.11,0.14,0.00
-0.11,0.13,0.00
-0.11,0.14,0.00
-0.11,0.14,0.00
-0.10,0.14,0.00
-0.11,0.15,0.00
-0.10,0.15,0.00
-0.09,0.16,0.00
-0.11,0.16,0.00
-0.12,0.15,0.00
-0.12,0.15,0.00
-0.11,0.15,0.00
-0.11,0.14,0.00
-0.11,0.14,0.00
-0.11,0.14,0.00
-0.11,0.14,0.00
-0.11,0.15,0.00
-0.10,0.15,0.00
-0.11,0.15,0.00
-0.11,0.15,0.00
-0.11,0.15,0.00
-0.12,0.16,0.00
-0.11,0.16,0.00
-0.12,0.17,0.00
-0.12,0.17,0.00
-0.12,0.17,0.00
-0.12,0.17,0.00
-0.12,0.18,0.00
-0.12,0.17,0.00
-0.13,0.17,0.00
-0.12,0.17,0.00
-0.12,0.17,0.00
-0.11,0.17,0.00
-0.12,0.16,0.00
-0.11,0.16,0.00
-0.12,0.16,0.00
-0.11,0.16,0.00
-0.11,0.16,0.00
-0.11,0.17,0.00
-0.11,0.18,0.00
-0.11,0.19,0.00
-0.10,0.19,0.00
-0.10,0.19,0.00
-0.11,0.19,0.00
-0.10,0.20,0.00
-0.09,0.20,0.00
-0.09,0.20,0.00
-0.09,0.20,0.00
-0.09,0.20,0.00
-0.09,0.20,0.00
-0.09,0.20,0.00
-0.09,0.20,0.00
-0.09,0.19,0.00
-0.09,0.20,0.00
-0.09,0.19,0.00
-0.08,0.19,0.00
-0.08,0.19,0.00
-0.08,0.19,0.00
-0.07,0.19,0.00
-0.07,0.19,0.00
-0.07,0.19,0.00
-0.08,0.19,0.00
-0.08,0.20,0.00
-0.08,0.20,0.00
-0.08,0.20,0.00
-0.09,0.19,0.00
-0.09,0.19,0.00
-0.08,0.19,0.00
-0.08,0.19,0.00
-0.08,0.18,0.00
-0.08,0.19,0.00
-0.08,0.19,0.00
-0.08,0.20,0.00
-0.08,0.21,0.00
-0.08,0.20,0.00
-0.07,0.20,0.00
-0.07,0.19,0.00
-0.06,0.19,0.00
-0.06,0.19,0.00
-0.06,0.18,0.00
-0.06,0.19,0.00
-0.07,0.18,0.00
-0.08,0.18,0.00
-0.08,0.18,0.00
-0.07,0.18,0.00
-0.08,0.18,0.00
-0.08,0.18,0.00
-0.07,0.18,0.00
-0.06,0.17,0.00
-0.06,0.16,0.00
-0.06,0.15,0.00
-0.07,0.15,0.00
-0.06,0.14,0.00
-0.06,0.15,0.00
-0.07,0.15,0.00
-0.07,0.16,0.00
-0.06,0.15,0.00
-0.06,0.16,0.00
-0.06,0.16,0.00
-0.07,0.16,0.00
-0.06,0.17,0.00
-0.06,0.18,0.00
-0.06,0.17,0.00
-0.07,0.17,0.00
-0.07,0.18,0.00
-0.07,0.17,0.00
-0.07,0.17,0.00
-0.07,0.17,0.00
-0.08,0.16,0.00
-0.08,0.17,0.00
-0.07,0.17,0.00
-0.07,0.18,0.00
-0.06,0.18,0.00
-0.06,0.18,0.00
-0.06,0.18,0.00
-0.06,0.18,0.00
-0.06,0.18,0.00
-0.07,0.19,0.00
-0.07,0.18,0.00
-0.06,0.19,0.00
-0.06,0.19,0.00
-0.06,0.19,0.00
-0.06,0.19,0.00
-0.06,0.19,0.00
-0.06,0.19,0.00
-0.07,0.18,0.00
-0.06,0.18,0.00
-0.07,0.19,0.00
-0.07,0.19,0.00
-0.07,0.20,0.00
-0.06,0.20,0.00
-0.06,0.20,0.00
-0.05,0.20,0.00
-0.05,0.21,0.00
-0.06,0.20,0.00
-0.05,0.20,0.00
-0.06,0.20,0.00
-0.06,0.20,0.00
-0.07,0.21,0.00
-0.06,0.22,0.00
-0.06,0.22,0.00
-0.07,0.22,0.00
-0.06,0.23,0.00
-0.06,0.23,0.00
-0.06,0.22,0.00
-0.06,0.22,0.00
-0.08,0.21,0.00
-0.08,0.22,0.00
-0.08,0.21,0.00
-0.09,0.21,0.00
-0.10,0.21,0.00
-0.09,0.21,0.00
-0.09,0.21,0.00
-0.08,0.21,0.00
-0.09,0.21,0.00
-0.09,0.21,0.00
-0.09,0.20,0.00
-0.10,0.20,0.00
-0.10,0.20,0.00
-0.10,0.19,0.00
-0.10,0.19,0.00
-0.10,0.18,0.00
-0.10,0.18,0.00
-0.11,0.18,0.00
-0.11,0.18,0.00
-0.11,0.18,0.00
-0.12,0.18,0.00
-0.11,0.18,0.00
-0.11,0.19,0.00
-0.11,0.19,0.00
-0.12,0.18,0.00
-0.12,0.18,0.00
-0.12,0.18,0.00
-0.12,0.18,0.00
-0.13,0.18,0.00
-0.13,0.18,0.00
-0.13,0.19,0.00
-0.13,0.19,0.00
-0.14,0.18,0.00
-0.14,0.18,0.00
-0.15,0.17,0.00
-0.15,0.18,0.00
-0.14,0.17,0.00
-0.14,0.17,0.00
-0.15,0.17,0.00
-0.14,0.17,0.00
-0.14,0.17,0.00
-0.14,0.18,0.00
-0.14,0.16,0.00
-0.15,0.16,0.00
-0.15,0.17,0.00
-0.15,0.16,0.00
-0.15,0.15,0.00
-0.14,0.15,0.00
-0.14,0.15,0.00
-0.14,0.15,0.00
-0.13,0.15,0.00
-0.14,0.15,0.00
-0.13,0.15,0.00
-0.12,0.16,0.00
-0.12,0.16,0.00
-0.12,0.16,0.00
-0.12,0.16,0.00
-0.12,0.16,0.00
-0.12,0.18,0.00
-0.12,0.18,0.00
-0.12,0.18,0.00
-0.12,0.19,0.00
-0.12,0.19,0.00
-0.12,0.19,0.00
-0.12,0.19,0.00
-0.12,0.19,0.00
-0.12,0.19,0.00
-0.11,0.19,0.00
-0.11,0.19,0.00
-0.10,0.18,0.00
-0.09,0.18,0.00
-0.09,0.18,0.00
-0.08,0.17,0.00
-0.08,0.17,0.00
-0.08,0.17,0.00
-0.08,0.17,0.00
-0.08,0.16,0.00
-0.09,0.16,0.00
-0.08,0.17,0.00
-0.08,0.17,0.00
-0.09,0.16,0.00
-0.08,0.15,0.00
-0.08,0.15,0.00
-0.07,0.15,0.00
-0.08,0.15,0.00
-0.08,0.15,0.00
-0.09,0.15,0.00
-0.09,0.15,0.00
-0.08,0.16,0.00
-0.07,0.16,0.00
-0.07,0.16,0.00
-0.07,0.15,0.00
-0.07,0.16,0.00
-0.07,0.16,0.00
-0.07,0.15,0.00
-0.07,0.16,0.00
-0.08,0.16,0.00
-0.09,0.16,0.00
-0.08,0.16,0.00
-0.08,0.17,0.00
-0.08,0.17,0.00
-0.08,0.17,0.00
-0.08,0.17,0.00
-0.08,0.16,0.00
-0.08,0.15,0.00
-0.09,0.16,0.00
-0.09,0.17,0.00
-0.09,0.17,0.00
-0.08,0.16,0.00
-0.09,0.16,0.00
-0.08,0.16,0.00
-0.08,0.16,0.00
-0.08,0.17,0.00
-0.08,0.17,0.00
-0.07,0.17,0.00
-0.07,0.18,0.00
-0.08,0.17,0.00
-0.08,0.18,0.00
-0.08,0.17,0.00
-0.08,0.18,0.00
-0.09,0.18,0.00
-0.10,0.18,0.00
-0.09,0.18,0.00
-0.11,0.19,0.00
-0.11,0.18,0.00
-0.10,0.18,0.00
-0.10,0.19,0.00
-0.09,0.19,0.00
-0.09,0.18,0.00
-0.09,0.17,0.00
-0.09,0.17,0.00
-0.09,0.17,0.00
-0.09,0.17,0.00
-0.09,0.17,0.00
-0.09,0.17,0.00
-0.09,0.17,0.00
-0.08,0.17,0.00
-0.08,0.17,0.00
-0.09,0.17,0.00
-0.09,0.17,0.00
-0.09,0.18,0.00
-0.09,0.19,0.00
-0.09,0.18,0.00
-0.10,0.19,0.00
-0.09,0.19,0.00
-0.08,0.19,0.00
-0.08,0.20,0.00
-0.07,0.20,0.00
-0.08,0.21,0.00
-0.08,0.21,0.00
-0.08,0.20,0.00
-0.08,0.20,0.00
-0.09,0.19,0.00
-0.08,0.19,0.00
-0.08,0.19,0.00
-0.08,0.19,0.00
-0.09,0.18,0.00
-0.08,0.17,0.00
-0.08,0.18,0.00
-0.08,0.17,0.00
-0.08,0.17,0.00
-0.08,0.17,0.00
-0.07,0.16,0.00
-0.07,0.17,0.00
-0.07,0.16,0.00
-0.07,0.17,0.00
-0.07,0.17,0.00
-0.09,0.16,0.00
-0.08,0.16,0.00
-0.08,0.17,0.00
-0.08,0.17,0.00
-0.08,0.17,0.00
-0.09,0.18,0.00
-0.08,0.17,0.00
-0.07,0.18,0.00
-0.09,0.19,0.00
-0.08,0.18,0.00
-0.09,0.20,0.00
-0.09,0.20,0.00
-0.09,0.21,0.00
-0.08,0.22,0.00
-0.09,0.22,0.00
-0.08,0.23,0.00
-0.08,0.24,0.00
-0.09,0.23,0.00
-0.08,0.23,0.00
-0.07,0.23,0.00
-0.08,0.22,0.00
-0.08,0.23,0.00
-0.08,0.22,0.00
-0.07,0.20,0.00
-0.07,0.20,0.00
-0.07,0.21,0.00
-0.07,0.20,0.00
-0.07,0.20,0.00
-0.08,0.20,0.00
-0.08,0.19,0.00
-0.08,0.18,0.00
-0.08,0.17,0.00
-0.08,0.17,0.00
-0.08,0.17,0.00
-0.08,0.17,0.00
-0.08,0.17,0.00
-0.08,0.19,0.00
-0.08,0.18,0.00
-0.08,0.18,0.00
-0.07,0.17,0.00
-0.08,0.18,0.00
-0.09,0.17,0.00
-0.08,0.17,0.00
-0.08,0.18,0.00
-0.07,0.18,0.00
-0.07,0.18,0.00
-0.08,0.18,0.00
-0.08,0.19,0.00
-0.08,0.18,0.00
-0.07,0.19,0.00
-0.06,0.19,0.00
-0.07,0.18,0.00
-0.07,0.18,0.00
-0.07,0.17,0.00
-0.06,0.16,0.00
-0.06,0.16,0.00
-0.06,0.16,0.00
-0.07,0.15,0.00
-0.06,0.14,0.00
-0.07,0.14,0.00
-0.06,0.14,0.00
-0.06,0.14,0.00
-0.07,0.13,0.00
-0.08,0.13,0.00
-0.08,0.14,0.00
-0.08,0.13,0.00
-0.09,0.13,0.00
-0.08,0.13,0.00
-0.09,0.13,0.00
-0.10,0.12,0.00
-0.09,0.11,0.00
-0.09,0.12,0.00
-0.09,0.12,0.00
-0.10,0.13,0.00
-0.11,0.13,0.00
-0.10,0.13,0.00
-0.09,0.14,0.00
-0.09,0.13,0.00
-0.09,0.13,0.00
-0.10,0.12,0.00
-0.10,0.12,0.00
-0.09,0.12,0.00
-0.09,0.12,0.00
-0.11,0.24,0.00
-0.06,0.21,0.00
-0.07,0.25,0.00
-0.10,0.18,0.00
-0.08,0.23,0.00
-0.09,0.21,0.00
-0.13,0.22,0.00
-0.12,0.25,0.00
-0.17,0.23,0.00
-0.15,0.22,0.00
-0.18,0.20,0.00
-0.14,0.20,0.00
-0.12,0.22,0.00
-0.12,0.23,0.00
-0.12,0.21,0.00
-0.10,0.20,0.00
-0.12,0.21,0.00
-0.13,0.20,0.00
-0.00,0.23,0.00
0.01,0.22,0.00
-0.00,0.23,0.00
-0.01,0.21,0.00
0.00,0.21,0.00
-0.01,0.19,0.00
-0.01,0.19,0.00
-0.02,0.18,0.00
-0.01,0.17,0.00
-0.01,0.18,0.00
-0.02,0.17,0.00
-0.01,0.18,0.00
-0.02,0.19,0.00
-0.02,0.20,0.00
-0.03,0.20,0.00
-0.03,0.19,0.00
-0.04,0.19,0.00
-0.04,0.20,0.00
-0.04,0.20,0.00
-0.04,0.20,0.00
-0.04,0.21,0.00
-0.04,0.20,0.00
-0.04,0.20,0.00
-0.05,0.21,0.00
-0.05,0.22,0.00
-0.05,0.22,0.00
-0.05,0.23,0.00
-0.04,0.23,0.00
-0.04,0.23,0.00
-0.05,0.21,0.00
-0.04,0.22,0.00
-0.05,0.22,0.00
-0.05,0.21,0.00
-0.05,0.22,0.00
-0.04,0.21,0.00
-0.04,0.22,0.00
-0.05,0.21,0.00
-0.05,0.22,0.00
-0.04,0.21,0.00
-0.04,0.22,0.00
-0.04,0.24,0.00
-0.05,0.22,0.00
-0.01,0.23,0.00
-0.02,0.23,0.00
-0.04,0.23,0.00
-0.05,0.24,0.00
-0.05,0.23,0.00
-0.05,0.23,0.00
-0.05,0.24,0.00
-0.04,0.24,0.00
-0.08,0.22,0.00
-0.09,0.20,0.00
-0.08,0.20,0.00
-0.07,0.21,0.00
-0.08,0.22,0.00
-0.08,0.22,0.00
-0.07,0.22,0.00
-0.08,0.22,0.00
-0.08,0.24,0.00
-0.09,0.22,0.00
-0.09,0.23,0.00
-0.09,0.23,0.00
-0.09,0.22,0.00
-0.10,0.22,0.00
-0.10,0.22,0.00
-0.10,0.23,0.00
-0.09,0.22,0.00
-0.09,0.22,0.00
-0.09,0.22,0.00
-0.09,0.22,0.00
-0.10,0.22,0.00
-0.10,0.21,0.00
-0.09,0.19,0.00
-0.09,0.19,0.00
-0.09,0.19,0.00
-0.09,0.19,0.00
-0.09,0.19,0.00
-0.10,0.19,0.00
-0.10,0.18,0.00
-0.09,0.21,0.00
-0.18,0.37,0.00
-0.26,0.52,0.00
-0.35,0.67,0.00
-0.44,0.82,0.00
-0.54,0.97,0.00
-0.62,1.13,0.00
-0.70,1.28,0.00
-0.79,1.43,0.00
-0.88,1.59,0.00
-0.96,1.71,0.00
-1.05,1.86,0.00
-1.12,2.02,0.00
-1.24,2.17,0.00
-1.33,2.33,0.00
-1.40,2.48,0.00
-1.46,2.62,0.00
-1.54,2.77,0.00
-1.63,2.92,0.00
-1.68,3.01,0.00
-1.75,3.12,0.00
-1.81,3.24,0.00
-1.87,3.37,0.00
-1.94,3.47,0.00
-2.01,3.57,0.00
-2.07,3.68,0.00
-2.14,3.80,0.00
-2.21,3.91,0.00
-2.27,4.02,0.00
-2.33,4.13,0.00
-2.38,4.25,0.00
-2.44,4.34,0.00
-2.50,4.45,0.00
-2.56,4.56,0.00
-2.62,4.67,0.00
-2.68,4.78,0.00
-2.74,4.88,0.00
-2.80,5.00,0.00
-2.86,5.10,0.00
-2.92,5.21,0.00
-2.97,5.33,0.00
-3.03,5.42,0.00
-3.10,5.54,0.00
-3.16,5.67,0.00
-3.21,5.78,0.00
-3.26,5.88,0.00
-3.32,5.98,0.00
-3.38,6.09,0.00
-3.44,6.19,0.00
-3.50,6.31,0.00
-3.56,6.41,0.00
-3.54,6.36,0.00
-3.50,6.33,0.00
-3.48,6.30,0.00
-3.45,6.25,0.00
-3.43,6.22,0.00
-3.41,6.18,0.00
-3.38,6.11,0.00
-3.34,6.08,0.00
-3.32,6.02,0.00
-3.30,5.98,0.00
-3.26,5.94,0.00
-3.23,5.90,0.00
-3.21,5.85,0.00
-3.18,5.81,0.00
-3.16,5.76,0.00
-3.15,5.73,0.00
-3.13,5.69,0.00
-3.10,5.66,0.00
-3.10,5.66,0.00
-3.09,5.66,0.00
-3.10,5.67,0.00
-3.09,5.67,0.00
-3.09,5.68,0.00
-3.08,5.68,0.00
-3.07,5.68,0.00
-3.07,5.68,0.00
-3.07,5.68,0.00
-3.07,5.69,0.00
-3.06,5.69,0.00
-3.06,5.68,0.00
-3.07,5.69,0.00
-3.07,5.69,0.00
-3.07,5.69,0.00
-3.06,5.68,0.00
-3.06,5.68,0.00
-3.05,5.68,0.00
-3.05,5.68,0.00
-3.06,5.68,0.00
-3.07,5.69,0.00
-3.08,5.68,0.00
-3.08,5.69,0.00
-3.08,5.68,0.00
-3.08,5.69,0.00
-3.08,5.69,0.00
-3.10,5.68,0.00
-3.11,5.68,0.00
-3.11,5.69,0.00
-3.11,5.70,0.00
-3.12,5.69,0.00
-3.12,5.68,0.00
-3.11,5.68,0.00
-3.12,5.68,0.00
-3.12,5.67,0.00
-3.11,5.68,0.00
-3.10,5.67,0.00
-3.10,5.67,0.00
-3.11,5.69,0.00
-3.11,5.68,0.00
-3.10,5.70,0.00
-3.09,5.70,0.00
-3.10,5.70,0.00
-3.11,5.70,0.00
-3.11,5.71,0.00
-3.12,5.71,0.00
-3.11,5.70,0.00
-3.11,5.70,0.00
-3.11,5.69,0.00
-3.12,5.69,0.00
-3.13,5.69,0.00
-3.12,5.69,0.00
-3.12,5.68,0.00
-3.12,5.66,0.00
-3.12,5.66,0.00
-3.12,5.66,0.00
-3.12,5.66,0.00
-3.12,5.66,0.00
-3.12,5.66,0.00
-3.12,5.64,0.00
-3.12,5.64,0.00
-3.12,5.65,0.00
-3.12,5.66,0.00
-3.11,5.65,0.00
-3.11,5.66,0.00
-3.12,5.66,0.00
-3.12,5.66,0.00
-3.12,5.65,0.00
-3.12,5.65,0.00
-3.06,5.61,0.00
-3.13,5.74,0.00
-3.09,5.59,0.00
4.55,-9.48,0.00
2.96,-6.48,0.00
1.95,-4.43,0.00
1.19,-3.00,0.00
0.65,-1.92,0.00
0.25,-1.11,0.00
-0.06,-0.43,0.00
-0.34,0.12,0.00
-0.58,0.57,0.00
-0.78,0.95,0.00
-3.06,5.57,0.00
-3.08,5.55,0.00
-2.05,3.70,0.00
-2.34,4.22,0.00
-2.53,4.46,0.00
-2.64,4.66,0.00
-2.71,4.82,0.00
-2.83,4.92,0.00
-3.04,5.43,0.00
-3.12,5.52,0.00
-3.17,5.61,0.00
-3.23,5.56,0.00
-3.18,5.55,0.00
-3.13,5.55,0.00
-2.69,5.67,0.00
-2.66,5.58,0.00
-3.11,5.15,0.00
-3.09,5.34,0.00
-3.09,5.36,0.00
-2.78,5.80,0.00
-2.84,5.66,0.00
-2.85,5.38,0.00
-2.93,5.32,0.00
-2.94,5.34,0.00
-2.88,5.32,0.00
-3.03,5.50,0.00
-3.11,5.44,0.00
-2.69,5.14,0.00
-2.77,5.07,0.00
-2.84,5.10,0.00
-2.86,5.14,0.00
-2.87,5.14,0.00
-2.89,5.12,0.00
-2.90,5.10,0.00
-2.88,5.13,0.00
-2.86,5.14,0.00
-2.91,5.15,0.00
-2.91,5.19,0.00
-2.89,5.17,0.00
-2.91,5.18,0.00
-2.91,5.20,0.00
-2.83,5.37,0.00
-2.76,5.52,0.00
-2.55,5.77,0.00
-2.36,6.00,0.00
-2.21,6.22,0.00
-2.06,6.40,0.00
-1.92,6.57,0.00
-1.81,6.73,0.00
-1.69,6.87,0.00
-1.59,6.99,0.00
-1.49,7.13,0.00
-1.41,7.25,0.00
-1.33,7.38,0.00
-1.26,7.47,0.00
-1.19,7.54,0.00
-1.13,7.62,0.00
-1.07,7.70,0.00
-1.01,7.78,0.00
-0.95,7.85,0.00
-0.90,7.90,0.00
-0.84,7.97,0.00
-0.80,8.04,0.00
-0.75,8.09,0.00
-0.73,8.15,0.00
-0.69,8.19,0.00
-0.64,8.24,0.00
-0.62,8.30,0.00
-0.57,8.34,0.00
-0.54,8.39,0.00
-0.51,8.43,0.00
-0.49,8.47,0.00
-0.46,8.50,0.00
-0.43,8.54,0.00
-0.40,8.58,0.00
-0.38,8.62,0.00
-0.36,8.65,0.00
-0.30,8.74,0.00
-0.22,8.85,0.00
-0.14,8.96,0.00
-0.07,9.06,0.00
0.00,9.16,0.00
0.08,9.26,0.00
0.16,9.37,0.00
0.23,9.47,0.00
0.31,9.58,0.00
0.39,9.69,0.00
0.45,9.77,0.00
0.53,9.88,0.00
0.59,9.98,0.00
0.66,10.08,0.00
0.72,10.13,0.00
0.76,10.17,0.00
0.77,10.16,0.00
0.77,10.16,0.00
0.77,10.16,0.00
0.78,10.17,0.00
0.78,10.16,0.00
0.80,10.16,0.00
0.80,10.16,0.00
0.82,10.16,0.00
0.81,10.16,0.00
0.81,10.16,0.00
0.82,10.16,0.00
0.82,10.16,0.00
0.84,10.16,0.00
0.85,10.17,0.00
0.84,10.17,0.00
0.84,10.18,0.00
0.84,10.19,0.00
0.82,10.20,0.00
0.81,10.21,0.00
0.82,10.20,0.00
0.82,10.20,0.00
0.83,10.21,0.00
0.83,10.21,0.00
0.82,10.20,0.00
0.82,10.19,0.00
0.81,10.18,0.00
0.82,10.16,0.00
0.81,10.18,0.00
0.83,10.17,0.00
0.83,10.18,0.00
0.83,10.18,0.00
0.83,10.18,0.00
0.83,10.17,0.00
0.82,10.17,0.00
0.82,10.18,0.00
0.82,10.18,0.00
0.82,10.17,0.00
0.82,10.17,0.00
0.81,10.18,0.00
0.80,10.18,0.00
0.81,10.17,0.00
0.81,10.15,0.00
0.80,10.14,0.00
0.80,10.12,0.00
0.81,10.13,0.00
0.81,10.12,0.00
0.82,10.12,0.00
0.82,10.13,0.00
0.81,10.12,0.00
0.82,10.12,0.00
0.82,10.13,0.00
0.82,10.13,0.00
0.83,10.14,0.00
0.81,10.14,0.00
0.83,10.12,0.00
0.81,10.04,0.00
0.78,9.95,0.00
0.73,9.84,0.00
0.70,9.72,0.00
0.67,9.60,0.00
0.62,9.46,0.00
0.59,9.35,0.00
0.55,9.26,0.00
0.53,9.14,0.00
0.50,9.02,0.00
0.45,8.91,0.00
0.40,8.82,0.00
0.37,8.72,0.00
0.31,8.63,0.00
0.25,8.47,0.00
0.21,8.37,0.00
0.12,8.27,0.00
0.07,8.18,0.00
0.01,8.10,0.00
-0.04,8.02,0.00
-0.09,7.95,0.00
-0.14,7.86,0.00
-0.18,7.75,0.00
-0.24,7.65,0.00
-0.28,7.55,0.00
-0.33,7.44,0.00
-0.37,7.32,0.00
-0.41,7.20,0.00
-0.45,7.08,0.00
-0.46,6.94,0.00
-0.49,6.79,0.00
-0.50,6.65,0.00
-0.50,6.50,0.00
-0.50,6.34,0.00
-0.56,6.18,0.00
-0.60,6.06,0.00
-0.60,5.89,0.00
-0.65,5.78,0.00
-0.66,5.65,0.00
-0.66,5.49,0.00
-0.72,5.34,0.00
-0.74,5.20,0.00
-0.76,5.04,0.00
-0.77,4.90,0.00
-0.80,4.75,0.00
-0.79,4.57,0.00
-0.80,4.41,0.00
-0.77,4.17,0.00
-0.77,3.99,0.00
-0.83,3.88,0.00
-0.85,3.80,0.00
-0.92,3.86,0.00
-0.94,3.87,0.00
-0.91,3.85,0.00
-0.90,3.82,0.00
-0.89,3.81,0.00
-0.88,3.77,0.00
-0.86,3.72,0.00
-0.82,3.65,0.00
-0.79,3.57,0.00
-0.74,3.49,0.00
-0.68,3.39,0.00
-0.62,3.29,0.00
-0.54,3.18,0.00
-0.47,3.14,0.00
-0.42,3.03,0.00
-0.32,2.93,0.00
-0.25,2.81,0.00
-0.17,2.70,0.00
-0.10,2.56,0.00
-0.03,2.45,0.00
0.04,2.33,0.00
0.08,2.24,0.00
0.17,2.15,0.00
0.20,2.06,0.00
0.25,1.95,0.00
0.31,1.85,0.00
0.35,1.83,0.00
0.41,1.77,0.00
0.45,1.69,0.00
0.50,1.64,0.00
0.52,1.59,0.00
0.55,1.50,0.00
0.58,1.44,0.00
0.66,1.40,0.00
0.70,1.31,0.00
0.71,1.29,0.00
0.77,1.20,0.00
0.80,1.13,0.00
0.82,1.08,0.00
0.89,1.01,0.00
0.92,0.95,0.00
0.95,0.90,0.00
0.99,0.84,0.00
1.03,0.79,0.00
1.04,0.77,0.00
1.06,0.72,0.00
1.04,0.76,0.00
1.07,0.73,0.00
1.13,0.67,0.00
1.17,0.64,0.00
1.27,0.47,0.00
1.34,0.37,0.00
1.36,0.30,0.00
1.40,0.24,0.00
1.44,0.17,0.00
1.47,0.12,0.00
1.49,0.07,0.00
1.49,0.05,0.00
1.51,0.04,0.00
1.51,0.02,0.00
1.52,0.00,0.00
1.52,-0.01,0.00
1.52,-0.03,0.00
1.53,-0.02,0.00
1.52,-0.02,0.00
1.52,-0.03,0.00
1.51,-0.02,0.00
1.51,-0.02,0.00
1.50,-0.00,0.00
